resourceCategory,slug,name,productType,codeDisplay,codeValue,baseUnitDisplay,dosageFormDisplay,dosageFormCode,routeCode,routeDisplay,alternateIdentifier,alternateNameType,alternateNameValue
Medication,,Isoflurane inhalation,Medication,Product containing precisely isoflurane 999 milligram/1 milliliter conventional release solution for inhalation,784978007,milligram per milliliter, solution for inhalation,420641004,447694001,Respiratory tract route,,,
Medication,,Ketamine Injection 10 mg/ml,Medication,,781952002,milligram per milliliter,Solution for injection ,385219001,"47625008, 78421000","Intravenous route, Intramuscular route",,,
Medication,,Propofol Injection 10 mg/ml,Medication,,782081001,milligram per milliliter,Solution for injection ,385219001,47625008,Intravenous route,,,
Medication,,Sevoflurane Inhalation,Medication, Product containing precisely sevoflurane 1 milliliter/1 milliliter conventional release solution for inhalation,1285093003,milligram per milliliter,Solution for inhalation,420641004,447694001,Respiratory tract route,,,
Medication,,Thiopentone  Powder for Injection 0.5 g,Medication,thiopental sodium 500 milligram/1 vial powder for conventional release solution for injection,333834003,milligram,Powder for Injection ,385223009,47625008,Intravenous route,,,
Medication,,Bupivacaine Injection 0.5% with 7.5% glucose,Medication, Product containing precisely bupivacaine 5 milligram and glucose 75 milligram/1 milliliter conventional release solution for injection,7621000189103,milligram per milliliter,Solution for injection ,385219001,72607000,Intrathecal route,,,
Medication,,Lignocaine Injection 2%,Medication,lidocaine hydrochloride 20 milligram/1 milliliter conventional release solution for injection,781967003,milligram per milliliter,Solution for injection ,385219001,47625008,Intravenous route,,,
Medication,,Lignocaine jelly 2%,Medication,  lidocaine hydrochloride 20 milligram/1 milliliter conventional release cutaneous gel ,334243009,milligram per milliliter, Cutaneous gel,421949005,6064005,Topical route,,,
Medication,,Lignocaine (A) + Adrenaline (B) Injection 2% (A) + 1:200000 (5 mcg/ml) (B),Medication, epinephrine (as epinephrine bitartrate) 5 microgram/1 milliliter and lidocaine hydrochloride 20 milligram/1 milliliter conventional release solution for injection,784971001,milligram per milliliter,Solution for injection ,385219001,231306007,"Skin infiltration of local anesthetic (procedure) , Peripheral block anesthesia (procedure)",,,
Medication,,Atropine Injection 0.6 mg/ml,Medication,atropine sulfate 600 microgram/1 milliliter conventional release solution for injection ,781778004,milligram per milliliter,Solution for injection ,385219001,47625008,Intravenous route,,,
Medication,,Midazolam Injection 5 mg/ml,Medication,,781998001,milligram per milliliter,Solution for injection ,385219001,"47625008, 78421000","Intravenous route, Intramuscular route",,,
Medication,,Aceclofenac Tablet 100 mg,Medication,aceclofenac 100 milligram/1 each conventional release oral tablet ,329925006,tablets,Oral Tablet ,421026006,2664306,Oral Route,,,
Medication,,Diclofenac  Sodium  Tablet 50 mg,Medication,diclofenac sodium 50 milligram/1 each conventional release oral tablet ,374627000,tablets,Oral Tablet ,421026006,2664306,Oral Route,,,
Medication,,Diclofenac  Sodium inj  25 mg/ml,Medication,diclofenac sodium 25 milligram/1 milliliter conventional release solution for injection  ,781831009,milligram per milliliter,Solution for injection ,385219001,"47625008, 78421000","Intravenous route, Intramuscular route",,,
Medication,,Diclofenac  Sodium gel 1%,Medication,diclofenac sodium 10 milligram/1 gram conventional release cutaneous gel   ,1264426005,milligram, cutaneous gel,421949005,6064005,Topical route,,,
Medication,,Etoricoxib tablet Tablet 90mg,Medication,,407908008,tablets,Oral Tablet ,421026006,2664306,Oral Route,,,
Medication,,Ibuprofen tablet 400 mg,Medication,ibuprofen 400 milligram/1 each conventional release oral tablet ,329653008,tablets,Oral Tablet ,421026006,2664306,Oral Route,,,
Medication,,Ibuprofen oral suspension 100 mg/5 ml,Medication, Product containing precisely ibuprofen 100 milligram/5 milliliter oral suspension,1868621000189103,milliliter,oral suspension,385024007,2664306,Oral Route,,,
Medication,,Ketorolac Tromethamine Injection 30mg/ml,Medication, ketorolac trometamol 30 milligram/1 milliliter conventional release solution for injection ,781956004,milligram per milliliter,Solution for injection ,385219001,"47625008, 78421000","Intravenous route, Intramuscular route",,,
Medication,,Paracetamol oral tablet 500mg,Medication,paracetamol 500 milligram/1 each conventional release oral tablet,322236009,tablets,Oral Tablet ,421026006,2664306,Oral Route,,,
Medication,,Paracetamol 650 mg tablet,Medication,Paracetamol 650mg oral tablet ,370151002,tablets,Oral Tablet ,421026006,2664306,Oral Route,,,
Medication,,Paracetamol oral suspension 125 mg/5ml,Medication,Product containing precisely paracetamol 25 milligram/1 milliliter conventional release oral suspension,1201766001,milliliter,oral suspension,385024007,2664306,Oral Route,,,
Medication,,Paracetamol Drop 100 mg/ml,Medication,Product containing precisely paracetamol 100 milligram/1 milliliter conventional release oral solution,322246006,milliliter, oral solution,385023001,2664306,Oral Route,,,
Medication,,Paracetamol Infusion 1gm/100 ml,Medication,  paracetamol 10 milligram/1 milliliter conventional release solution for infusion,1237158007,milligram per milliliter,solution for infusion,385229008,47625008,Intravenous route,,,
Medication,,Fentanyl  Injection 50 mcg/ml,Medication, fentanyl (as fentanyl citrate) 50 microgram/1 milliliter conventional release solution for injection,781884008,milligram per milliliter,Solution for injection ,385219001,"47625008, 78421000","Intravenous route, Intramuscular route",,,
Medication,,Morphine Tablet 10 mg,Medication,morphine sulfate 10 milligram/1 each conventional release oral tablet,322708003,tablets,Oral Tablet ,421026006,2664306,Oral Route,,,
Medication,,Morphine Injection 15 mg/ml,Medication, morphine sulfate 15 milligram/1 milliliter conventional release solution for injection ,782007000,milligram per milliliter,Solution for injection ,385219001,"34206005, 47625008, 78421000","Subcutaneous route, Intravenous route, Intramuscular route",,,
Medication,,Pentazocine Injection 30mg/ml,Medication, pentazocine (as pentazocine lactate) 30 milligram/1 milliliter conventional release solution for injection ,782048002,milligram per milliliter,Solution for injection ,385219001,"47625008, 78421000","Intravenous route, Intramuscular route",,,
Medication,,Tramadol Tablet/Capsule 50 mg,Medication, Product containing precisely tramadol hydrochloride 50 milligram/1 each conventional release oral tablet ,374896000,tablets,Oral Tablet ,421026006,2664306,Oral Route,,,
Medication,,Tramadol capsule,Medication,Product containing precisely tramadol hydrochloride 50 milligram/1 each conventional release oral capsule,322623000,capsules,oral capsule,420692007,2664306,Oral Route,,,
Medication,,Tramadol capsule,Medication,tramadol hydrochloride 50 milligram/1 milliliter conventional release solution for injection,782123003,milligram per milliliter,Solution for injection ,385219001,"47625008, 78421000","Intravenous route, Intramuscular route",,,
Medication,,Febuxostat Tablet 40mg,Medication, febuxostat 40 milligram/1 each conventional release oral tablet,441847001,tablets,Oral Tablet ,421026006,2664306,Oral Route,,,
Medication,,Hydroxychloroquine Tablet 200 mg,Medication, hydroxychloroquine sulfate 200 milligram/1 each conventional release oral tablet,330037008,tablets,Oral Tablet ,421026006,2664306,Oral Route,,,
Medication,,Methotrexate tablet Tablet 7.5 mg,Medication, methotrexate (as methotrexate sodium) 7.5 milligram/1 each conventional release oral tablet,1162458003,tablets,Oral Tablet ,421026006,2664306,Oral Route,,,
Medication,,Methotrexate Injection 25 mg/ ml,Medication,  Product containing precisely methotrexate 25 milligram/1 milliliter conventional release solution for injection,1268376000,milligram per milliliter,Solution for injection ,385219001,"34206005, 47625008, 78421000","Subcutaneous route, Intravenous route , Intramuscular route",,,
Medication,,methotrexate (as methotrexate sodium) inj,Medication, Product containing precisely methotrexate (as methotrexate sodium) 25 milligram/1 milliliter conventional release solution for injection,781983003,milligram per milliliter,Solution for injection ,385219001,"34206005, 47625008, 78421000","Subcutaneous route, Intravenous route, Intramuscular route",,,
Medication,,Sulfasalazine Tablet 500 mg (conventional),Medication,sulfasalazine 500 milligram/1 each conventional release oral tablet ,317431008,tablets,Oral Tablet,421026006,2664306,Oral Route,,,
Medication,,Sulfasalazine Tablet 500 mg (gastro-resistant),Medication, Product containing precisely sulfasalazine 500 milligram/1 each gastro-resistant oral tablet ,330040008,tablets,Oral Tablet ,421026006,2664306,Oral Route,,,
Medication,,Pregabalin  Capsule 75 mg,Medication, pregabalin 75 milligram/1 each conventional release oral capsule,415167006,capsules,oral capsule,420692007,2664306,Oral Route,,,
Medication,,Adrenaline  Injection 1 mg/ml,Medication, epinephrine 1 milligram/1 milliliter conventional release solution for injection,781862008,milligram per milliliter,Solution for injection ,385219001,"34206005, 47625008, 78421000","Subcutaneous route, Intravenous route, Intramuscular route",,,
Medication,,Betamethasone Injection 4 mg/ml,Medication, betamethasone (as betamethasone sodium phosphate) 4 milligram/1 milliliter conventional release solution for injection,781787008,milligram per milliliter,Solution for injection,385219001,"12130007, 372466002, 47625008, 78421000","Intra-articular route, Intralesional route, Intravenous route, Intramuscular route",,,
Medication,,Cetirizine oral syrup Syrup 5 mg/5 ml,Medication,Product containing precisely cetirizine 5 milligram/5 milliliter conventional release oral syrup ,6341000189104,milliliter, oral solution,385023001,2664306,Oral Route,,,
Medication,,Dexamethasone Tablet 0.5 mg,Medication, dexamethasone 500 microgram/1 each conventional release oral tablet ,325355004,tablets,Oral Tablet ,421026006,2664306,Oral Route,,,
Medication,,Dexamethasone Injection 4 mg/ml,Medication, dexamethasone phosphate (as dexamethasone sodium phosphate) 4 milligram/1 milliliter conventional release solution for injection,1149560009,milligram per milliliter,Solution for injection ,385219001,"47625008, 78421000","Intravenous route, Intramuscular route",,,
Medication,,Fexofenadine Tablet 180 mg,Medication,Fexofenadine Tablet 180 mg ,320828002,tablets,Oral Tablet ,421026006,2664306,Oral Route,,,
Medication,,Fexofenadine Syrup 30mg/5ml.,Medication,,,milliliter,oral solution,385023001,2664306,Oral Route,,,
Medication,,Hydrocortisone  Powder for Injection 100 mg,Medication, Hydrocortisone Powder for Injection 100 mg,1197453006,milligram,Powder for Injection ,385223009,"47625008, 78421000","Intravenous route, Intramuscular route",,,
Medication,,Levocetirizine Tablet 5 mg IP,Medication,Levocetirizine Tablet 5 mg,408616003,tablets,Oral Tablet ,421026006,2664306,Oral Route,,,
Medication,,Methylprednisolone Injection 500 mg,Medication,Product containing precisely methylprednisolone (as methylprednisolone sodium succinate) 500 milligram/1 vial powder for conventional release solution for injection,1157039007,milligram,Solution for injection ,385219001,"47625008, 78421000","Intravenous route, Intramuscular route",,,
Medication,,Pheniramine  Injection 22.75 mg/ml,Medication, Pheniramine Injection 22.75 mg/ml,1163209007,milligram per milliliter,Solution for injection ,385219001,"47625008, 78421000","Intravenous route, Intramuscular route",,,
Medication,,Prednisolone  Tablet 10 mg,Medication,prednisolone (as prednisolone sodium phosphate) 10 milligram/1 each conventional release orodispersible tablet,424688005,tablets, orodispersible tablet,447079001,2664306,Oral Route,,,
Medication,,Prednisolone  Syrup 5 mg/5 ml,Medication,Product containing precisely prednisolone 5 milligram/5 milliliter conventional release oral syrup,5641000189104,milliliter,oral suspension,385024007,2664306,Oral Route,,,
Medication,,Calcium gluconate Injection 100 mg/ml,Medication,Calcium gluconate Injection 100 mg/ml,1193763003,milligram per milliliter,Solution for injection ,385219001,47625008,Intravenous route,,,
Medication,,N-acetylcysteine Tablet 600 mg,Medication,acetylcysteine 600 milligram/1 each conventional release oral tablet,418569002,tablets,Oral Tablet ,421026006,2664306,Oral Route,,,
Medication,,Neostigmine  Injection 0.5 mg/ml,Medication,neostigmine methylsulfate 500 microgram/1 milliliter conventional release solution for injection,1193785009,milligram per milliliter,Solution for injection ,385219001,"47625008, 78421000","Intravenous route, Intramuscular route",,,
Medication,,Fexofenadine suspension 30mg/5ml.,Medication,Product containing precisely fexofenadine hydrochloride 6 milligram/1 milliliter conventional release oral suspension,784590000,milliliter,oral suspension,385024007,2664306,Oral Route,,,
Medication,,Pralidoxime chloride (2-PAM)  Injection 25 mg/ml,Medication,,17356001,milliliter,,,"47625008, 78421000","Intravenous route, Intramuscular route",,,
Medication,,Carbamazepine oral tablet 100mg,Medication, carbamazepine 100 milligram/1 each conventional release oral tablet,322863001,tablets,Oral Tablet ,421026006,2664306,Oral Route,,,
Medication,,Carbamazepine suspension 100 mg/5ml,Medication,carbamazepine 20 milligram/1 milliliter conventional release oral suspension,322891009,milliliter, oral suspension,385024007,2664306,Oral Route,,,
Medication,,Diazepam tablet 5mg,Medication,diazepam 5 milligram/1 each conventional release oral tablet,321197008,tablets,Oral Tablet ,421026006,2664306,Oral Route,,,
Medication,,Diazepam inj 5mg/ml,Medication,diazepam 5 milligram/1 milliliter conventional release solution for injection,781829000,milligram per milliliter,Solution for injection ,385219001,"47625008, 78421000","Intravenous route, Intramuscular route",,,
Medication,,Levetiracetam  Tablet 250 mg,Medication,levetiracetam 250 milligram/1 each conventional release oral tablet ,323055006,tablets,Oral Tablet ,421026006,2664306,Oral Route,,,
Medication,,Levetiracetam Oral Solution 100 mg/ml,Medication,levetiracetam 100 milligram/1 milliliter conventional release oral solution,409306008,milliliter, oral solution,385023001,2664306,Oral Route,,,
Medication,,Lorazepam  Tablet 1 mg,Medication, lorazepam 1 milligram/1 each conventional release oral tablet,321294008,tablets,Oral Tablet ,421026006,2664306,Oral Route,,,
Medication,,Lorazepam  Injection 2 mg/ml,Medication,lorazepam 2 milligram/1 milliliter conventional release solution for injection ,1193826002,milligram per milliliter,Solution for injection ,385219001,"47625008, 78421000","Intravenous route, Intramuscular route",,,
Medication,,Magnesium sulphate inj 500 mg,Medication,Product containing precisely magnesium sulfate heptahydrate 500 milligram/1 milliliter conventional release solution for injection,1172489003,milligram per milliliter,Solution for injection ,385219001,"47625008, 78421000","Intravenous route, Intramuscular route",,,
Medication,,Phenobarbitone Tablet 30 mg,Medication,phenobarbital 30 milligram/1 each conventional release oral tablet,322916004,tablets,Oral Tablet ,421026006,2664306,Oral Route,,,
Medication,,Phenobarbitone Syrup 20 mg/5 ml,Medication,Product containing precisely phenobarbital 20 milligram/5 milliliter conventional release oral syrup,7561000189109,milliliter,oral solution,385023001,2664306,Oral Route,,,
Medication,,Phenytoin Tablet 100 mg,Medication,phenytoin sodium 100 milligram/1 each conventional release oral tablet ,322934000,tablets,Oral Tablet ,421026006,2664306,Oral Route,,,
Medication,,Phenytoin injection 25mg/ml,Medication,Product containing precisely phenytoin 25 milligram/1 milliliter conventional release solution for injectio,4691000189107,milligram per milliliter,Solution for injection ,385219001,47625008,Intravenous route,,,
Medication,,Sodium valproate Injection 100 mg/ml,Medication,Sodium valproate Injection 100 mg/ml,1201747001,milligram per milliliter,Solution for injection,385219001,47625008,Intravenous route,,,
Medication,,Sodium valproate gastro-resistant oral tablet,Medication,Product containing precisely sodium valproate 200 milligram/1 each gastro-resistant oral tablet,322956002,tablets,Gastro-resistant oral tablet,385059007,2664306,Oral Route,,,
Medication,,Sodium valproate  prolonged-release oral tablet,Medication,Product containing precisely sodium valproate 200 milligram/1 each prolonged-release oral tablet,765633006,tablets, Prolonged-release oral tablet,385060002,2664306,Oral Route,,,
Medication,,Sodium valproate Oral Solution 200 mg/5ml,Medication,sodium valproate 40 milligram/1 milliliter conventional release oral solution,766519009,milliliter,oral solution,385023001,2664306,Oral Route,,,
Medication,,Albendazole  Tablet IP  400 mg (Chewable),Medication,albendazole 400 milligram/1 each conventional release chewable tablet ,1193657004,tablets,chewable tablet,66076007,2664306,Oral Route,,,
Medication,,Amikacin Sulphate Injection 100mg/2ml,Medication,amikacin (as amikacin sulfate) 50 milligram/1 milliliter conventional release solution for injection,781761008,milligram per milliliter,Solution for injection ,385219001,"47625008, 78421000","Intravenous route, Intramuscular route",,,
Medication,,Amikacin Sulphate Injection 500mg/2ml,Medication,amikacin (as amikacin sulfate) 250 milligram/1 milliliter conventional release solution for injection,781762001,milligram per milliliter,Solution for injection ,385219001,"47625008, 78421000","Intravenous route, Intramuscular route",,,
Medication,,Amoxicillin capsule 250 mg,Medication,amoxicillin 250 milligram/1 each conventional release oral capsule,323509004,capsules,oral capsule,420692007,2664306,Oral Route,,,
Medication,,Amoxicillin capsule 500 mg,Medication,amoxicillin 500 milligram/1 each conventional release oral capsule,323510009,capsules,oral capsule,420692007,2664306,Oral Route,,,
Medication,,Amoxicillin suspension 125 mg/5 ml,Medication,Product containing precisely amoxicillin 125 milligram/5 milliliter conventional release oral suspension,2421000189102,milliliter,oral suspension,385024007,2664306,Oral Route,,,
Medication,,Azithromycin  Tab 500 mg,Medication,azithromycin 500 milligram/1 each conventional release oral tablet,1145424008,tablets,Oral Tablet ,421026006,2664306,Oral Route,,,
Medication,,Azithromycin Oral Suspension 200 mg/5ml,Medication,azithromycin 40 milligram/1 milliliter conventional release oral suspension,324253001,milliliter,oral suspension,385024007,2664306,Oral Route,,,
Medication,,Azithromycin Injection 1 gm,Medication,,,milligram per milliliter,Solution for injection ,385219001,47625008,Intravenous route,,,
Medication,,Amoxicillin (A) + Clavulanic acid (B)  Powder for Injection 1 g (A) + 200 mg (B),Medication,amoxicillin (as amoxicillin sodium) 1 gram and clavulanic acid (as clavulanate potassium) 200 milligram/1 vial powder for conventional release solution for injection,323568005,milligram,Solution for injection ,385219001,"47625008, 78421000","Intravenous route, Intramuscular route",,,
Medication,,Amoxicillin (A) + Clavulanic acid (B)  Tablet 500 mg (A) + 125 mg (B),Medication, amoxicillin 500 milligram and clavulanic acid (as clavulanate potassium) 125 milligram/1 each conventional release oral tablet,323539009,tablets,Oral Tablet ,421026006,2664306,Oral Route,,,
Medication,,Amoxicillin (A) + Clavulanic acid (B) Oral liquid 200 mg (A) + 28.5 mg (B)/5 ml,Medication,,,milliliter,,,2664306,Oral Route,,,
Medication,,Amoxicillin (A) + Clavulanic acid (B) Oral suspension 200 mg (A) + 28.5 mg (B)/5 ml,Medication, Product containing precisely amoxicillin 40 milligram/1 milliliter and clavulanic acid (as clavulanate potassium) 5.7 milligram/1 milliliter conventional release oral suspension,1197142006,milliliter,oral suspension,385024007,2664306,Oral Route,,,
Medication,,Amoxicillin (A) + Clavulanic acid (B) Dry Syrup 125 mg (A) +  31.25 (B)/5 ml,Medication,,,milliliter,,,2664306,Oral Route,,,
Medication,,Ampicillin Capsule 500 mg,Medication, ampicillin 500 milligram/1 each conventional release oral capsule,323571002,capsules,Oral Tablet ,421026006,2664306,Oral Route,,,
Medication,,Ampicillin  Powder for Injection 500 mg,Medication,ampicillin (as ampicillin sodium) 500 milligram/1 vial powder for conventional release solution for injection,323584006,milligram,Solution for injection ,385219001,"47625008, 78421000","Intravenous route, Intramuscular route",,,
Medication,,Benzathine benzylpenicillin Powder for Injection 6 lac units,Medication,Product containing precisely penicillin g benzathine 600000 unit/1 vial powder for conventional release solution for injection,2401000189108,international unit,Powder for Injection ,385223009,78421000,Intramuscular route,,,
Medication,,Benzyl penicillin Powder for Injection 10 lac units,Medication,benzylpenicillin sodium 600 milligram/1 vial powder for conventional release solution for injection,323398002,milligram per milliliter,Solution for injection ,385219001,"47625008, 78421000","Intravenous route, Intramuscular route",,,
Medication,,Cefixime Tablet 200 mg,Medication, cefixime 200 milligram/1 each conventional release oral tablet,323973007,tablets,Oral Tablet ,421026006,2664306,Oral Route,,,
Medication,,Amoxicillin (A) + Clavulanic acid (B) oral suspension 125 mg (A) +  31.25 (B)/5 ml,Medication,Product containing precisely amoxicillin 25 milligram/1 milliliter and clavulanic acid (as clavulanate potassium) 6.25 milligram/1 milliliter conventional release oral suspension,1145409004,milliliter,oral suspension,385024007,2664306,Oral Route,,,
Medication,,Cefixime suspension 100 mg/5 ml,Medication, cefixime 40 milligram/1 milliliter conventional release oral suspension,1162673005,milliliter, oral suspension,385024007,2664306,Oral Route,,,
Medication,,Cefotaxime Powder for Injection 250 mg,Medication, cefotaxime (as cefotaxime sodium) 250 milligram/1 vial powder for conventional release solution for injection,1197439006,milligram,Solution for injection ,385219001,"47625008, 78421000","Intravenous route, Intramuscular route",,,
Medication,,Cefotaxime Powder for Injection 1 g,Medication, cefotaxime (as cefotaxime sodium) 1 gram/1 vial powder for conventional release solution for injection,323825003,gram,Solution for injection ,385219001,"47625008, 78421000","Intravenous route, Intramuscular route",,,
Medication,,Ceftriaxone Powder for Injection 250 mg,Medication,ceftriaxone (as ceftriaxone sodium) 1 gram/1 vial powder for conventional release solution for injection,323990001,gram,Solution for injection ,385219001,"47625008, 78421000","Intravenous route, Intramuscular route",,,
Medication,,Ceftriaxone Powder for Injection 1 g,Medication, ceftriaxone (as ceftriaxone sodium) 250 milligram/1 vial powder for conventional release solution for injection,323989005,milligram,Solution for injection ,385219001,"47625008, 78421000","Intravenous route, Intramuscular route",,,
Medication,,Ceftriaxone (A) +Sulbactum (B) Injection (A) 1 gm + (B) 500 mg.,Medication, ceftriaxone (as ceftriaxone sodium) 1 gram and sulbactam (as sulbactam sodium) 500 milligram/1 vial powder for conventional release solution for injection,1204061004,milligram,Solution for injection ,385219001,47625008,Intravenous route,,,
Medication,,Cefuroxime Tablet 500 mg,Medication,cefuroxime (as cefuroxime axetil) 500 milligram/1 each conventional release oral tablet,1137332000,tablets,Oral Tablet ,421026006,2664306,Oral Route,,,
Medication,,Ciprofloxacin Tablet 250 mg,Medication,ciprofloxacin (as ciprofloxacin hydrochloride) 250 milligram/1 each conventional release oral tablet ,783329001,tablets,Oral Tablet ,421026006,2664306,Oral Route,,,
Medication,,Ciprofloxacin  Tab 500mg,Medication,ciprofloxacin (as ciprofloxacin hydrochloride) 500 milligram/1 each conventional release oral tablet,783330006,tablets,Oral Tablet ,421026006,2664306,Oral Route,,,
Medication,,Ciprofloxacin Injection 200 mg/100 ml,Medication, ciprofloxacin (as ciprofloxacin lactate) 2 milligram/1 milliliter conventional release solution for injection,1145251009,milligram per milliliter,Solution for injection ,385219001,47625008,Intravenous route,,,
Medication,,Co-trimoxazole [Sulphamethoxazole (A) + Trimethoprim (B)]  Tablet 800 mg (A) + 160 mg (B),Medication,sulfamethoxazole 800 milligram and trimethoprim 160 milligram/1 each conventional release oral tablet,324359004,tablets,Oral Tablet ,421026006,2664306,Oral Route,,,
Medication,,Co-trimoxazole [Sulphamethoxazole (A) + Trimethoprim (B)] Oral Suspension 200 mg (A) + 40 mg (B)/5 ml,Medication,sulfamethoxazole 40 milligram/1 milliliter and trimethoprim 8 milligram/1 milliliter conventional release oral suspension,766575005,milliliter,oral suspension,385024007,2664306,Oral Route,,,
Medication,,Doxycycline Capsule 100 mg,Medication, doxycycline 100 milligram/1 each conventional release oral capsule,324059006,capsules,oral capsule,420692007,2664306,Oral Route,,,
Medication,,Doxycycline inj100 mg,Medication,doxycycline hyclate 100 milligram/1 vial powder for conventional release solution for injection,374384003,milligram,Powder for Injection ,385223009,47625008,Intravenous route,,,
Medication,,Gentamicin inj 10 mg/ml,Medication,gentamicin (as gentamicin sulfate) 10 milligram/1 milliliter conventional release solution for injection,781909002,milligram per milliliter,Solution for injection ,385219001,"47625008, 78421000","Intravenous route, Intramuscular route",,,
Medication,,Gentamicin Injection 40 mg/ml,Medication,gentamicin (as gentamicin sulfate) 40 milligram/1 milliliter conventional release solution for injection,781908005,milligram per milliliter,Solution for injection ,385219001,"47625008, 78421000","Intravenous route, Intramuscular route",,,
Medication,,Ofloxacin Tablet 200 mg,Medication,Product containing precisely ofloxacin 200 milligram/1 each conventional release oral tablet,324612003,tablets,Oral Tablet ,421026006,2664306,Oral Route,,,
Medication,,Linezolid Tablet 600 mg,Medication,Product containing precisely linezolid 600 milligram/1 each conventional release oral tablet,134561001,tablets,Oral Tablet ,421026006,2664306,Oral Route,,,
Medication,,Linezolid Injection 600 mg,Medication,Product containing precisely linezolid 600 milligram/300 milliliter solution for injection,,milligram per milliliter,Solution for injection ,385219001,47625008,Intravenous route,,,
Medication,,Meropenem Injection 125 mg,Medication,,,gram,Solution for injection ,385219001,47625008,Intravenous route,,,
Medication,,Meropenem  Injection 1 gm,Medication,meropenem 1 gram/1 vial powder for conventional release solution for injection,1148464006,milligram per milliliter,Solution for injection ,385219001,47625008,Intravenous route,,,
Medication,,Nitrofurantoin Tablet 100 mg,Medication,nitrofurantoin 100 milligram/1 each conventional release oral tablet,324559003,tablets,Oral Tablet ,421026006,2664306,Oral Route,,,
Medication,,Piperacillin (A) + Tazobactam (B)  Powder for Injection 1 g (A) + 125 mg (B),Medication,Product containing precisely piperacillin 1 gram and tazobactam 125 milligram/1 vial powder for conventional release solution for injection,5651000189101,milligram,Solution for injection ,385219001,47625008,Intravenous route,,,
Medication,,Piperacillin (A) + Tazobactam (B) Powder for Injection 4 g (A) + 500 mg (B),Medication,piperacillin (as piperacillin sodium) 4 gram and tazobactam (as tazobactam sodium) 500 milligram/1 vial powder for conventional release solution for injection,323671007,milligram,Powder for Injection ,385223009,47625008,Intravenous route,,,
Medication,,Vancomycin Powder for Injection 500 mg,Medication,vancomycin (as vancomycin hydrochloride) 500 milligram/1 vial powder for conventional release solution for injection,324337001,milligram,Solution for injection ,385219001,47625008,Intravenous route,,,
Medication,,Amphotericin B  Powder for Injection 50 mg  (Lipid/ Liposomal),Medication,amphotericin B liposome 50 milligram/1 vial powder for conventional release solution for injection,890474006,milligram,Powder for Injection ,385223009,47625008,Intravenous route,,,
Medication,,Clotrimazole  Pessary/Vaginal Tablet 100 mg,Medication,clotrimazole 100 milligram/1 each conventional release vaginal tablet,784953008,tablets,Conventional release vaginal tablet ,385178005,16857009,Vaginal route,,,
Medication,,Fluconazole   Injection 200 mg /100 ml,Medication,Product containing precisely fluconazole 200 milligram/100 milliliter conventional release solution for injection,5021000189103,milligram per milliliter,Solution for injection,385219001,47625008,Intravenous route,,,
Medication,,Fluconazole Tablet 150 mg,Medication,fluconazole 150 milligram/1 each conventional release oral tablet,375152006,milligram per milliliter,Oral Tablet ,421026006,2664306,Oral Route,,,
Medication,,Itraconazole Capsule 100 mg,Medication,itraconazole 100 milligram/1 each conventional release oral capsule,324712008,capsules,oral capsule,420692007,2664306,Oral Route,,,
Medication,,Acyclovir  Tablet 200 mg,Medication,aciclovir 200 milligram/1 each conventional release oral tablet,324726004,tablets,Oral Tablet ,421026006,2664306,Oral Route,,,
Medication,,Acyclovir Powder for Injection 250 mg,Medication,aciclovir (as aciclovir sodium) 250 milligram/1 vial powder for conventional release solution for injection,324728003,milligram,Solution for injection ,385219001,47625008,Intravenous route,,,
Medication,,Entecavir  tab 0.5 mg,Medication,entecavir 500 microgram/1 each conventional release oral tablet,417515001,tablets,Oral Tablet ,421026006,2664306,Oral Route,,,
Medication,,Ribavirin Capsule 200 mg,Medication,ribavirin 200 milligram/1 each conventional release oral capsule,324779009,capsules,oral capsule,420692007,2664306,Oral Route,,,
Medication,,Sofosbuvir Tablet 400 mg,Medication,sofosbuvir 400 milligram/1 each conventional release oral tablet,890537009,tablets,Oral Tablet ,421026006,2664306,Oral Route,,,
Medication,,Tenofovir Tablet 300 mg,Medication,Product containing precisely tenofovir 300 milligram/1 each conventional release oral tablet,6081000189107,tablets,Oral Tablet ,421026006,2664306,Oral Route,,,
Medication,,Metronidazole  Tab 400 mg,Medication,metronidazole 400 milligram/1 each conventional release oral tablet,324512005,tablets,Oral Tablet ,421026006,2664306,Oral Route,,,
Medication,,Metronidazole Injection 500 mg/100 ml,Medication,metronidazole 5 milligram/1 milliliter conventional release solution for injection,1145298001,milligram per milliliter,Solution for injection ,385219001,47625008,Intravenous route,,,
Medication,,Metronidazole Oral Suspension 200 mg/5 ml,Medication,metronidazole (as metronidazole benzoate) 40 milligram/1 milliliter conventional release oral suspension,324520007,milliliter,oral suspension,385024007,2664306,Oral Route,,,
Medication,,Norfloxacin(A) + Tinidazole(B) Tablet 400 mg(A) + 600 mg(B),Medication,norfloxacin 400 milligram and tinidazole 600 milligram/1 each conventional release oral tablet,1172753005,tablets,Oral Tablet ,421026006,2664306,Oral Route,,,
Medication,,Ofloxacin(A)+Ornidazole(B)  Tablet (A)200 mg + (B)500 mg,Medication,ofloxacin 200 milligram and ornidazole 500 milligram/1 each conventional release oral tablet,1172752000,tablets,Oral Tablet ,421026006,2664306,Oral Route,,,
Medication,,Artemether (A) + Lumefantrine (B)  Tablet 20 mg (A) + 120 mg (B),Medication,artemether 20 milligram and lumefantrine 120 milligram/1 each conventional release oral tablet,407910005,tablets,Oral Tablet ,421026006,2664306,Oral Route,,,
Medication,,Artemether (A) + Lumefantrine (B)  Tablet 40 mg (A) + 240 mg (B),Medication,Product containing precisely artemether 40 milligram and lumefantrine 240 milligram/1 each conventional release oral tablet,6261000189109,tablets,Oral Tablet 421026006,421026006,2664306,Oral Route,,,
Medication,,Artemether (A) + Lumefantrine (B)   Tablet 80 mg (A) + 480 mg (B),Medication,Product containing precisely artemether 80 milligram and lumefantrine 480 milligram/1 each conventional release oral tablet,7071000189107,tablets,Oral Tablet ,421026006,2664306,Oral Route,,,
Medication,,Artemether (A) + Lumefantrine (B)  Oral Suspension 80 mg (A) + 480 mg (B)/5 ml,Medication,,,milliliter,oral suspension,385024007,2664306,Oral Route,,,
Medication,,Artesunate Powder for Injection 60 mg,Medication,artesunate 60 milligram/1 vial powder for conventional release solution for injection,1197390008,milligram,Solution for injection ,385219001,"47625008, 78421000","Intravenous route, Intramuscular route",,,
Medication,,Artesunate Powder for Injection 120 mg,Medication,Product containing precisely artesunate 120 milligram/1 vial powder for conventional release solution for injection,5121000189104,milligram,Powder for Injection ,385223009,"47625008, 78421000","Intravenous route, Intramuscular route",,,
Medication,,Chloroquine  Chloroquine Phosphate tablet 250 mg equivalent to Chloroquine 150 mg base.,Medication,chloroquine phosphate 250 milligram/1 each conventional release oral tablet,324896003,tablets,Oral Tablet ,421026006,2664306,Oral Route,,,
Medication,,Chloroquine Oral Suspension 50 mg/5 ml,Medication,Product containing precisely chloroquine 50 milligram/5 milliliter conventional release oral suspension,5701000189106,milliliter,oral suspension,385024007,2664306,Oral Route,,,
Medication,,Primaquine Tablet 2.5 mg,Medication,Product containing precisely primaquine 2.5 milligram/1 each conventional release oral tablet,2321000189107,tablets,Oral Tablet ,421026006,2664306,Oral Route,,,
Medication,,Primaquine tab 7.5 mg,Medication,primaquine (as primaquine phosphate) 7.5 milligram/1 each conventional release oral tablet,783370004,tablets,Oral Tablet ,421026006,2664306,Oral Route,,,
Medication,,Quinine Injection 300 mg/ml,Medication,quinine 300 milligram/1 milliliter conventional release solution for injection,784832003,milligram per milliliter,Solution for injection ,385219001,47625008,Intravenous route,,,
Medication,,Flunarizine Tablet 10 mg,Medication,Product containing precisely flunarizine 10 milligram/1 each conventional release oral tablet,2461000189107,tablets,Oral Tablet ,421026006,2664306,Oral Route,,,
Medication,,Propranolol tab 40 mg,Medication,propranolol hydrochloride 40 milligram/1 each conventional release oral tablet,318353009,tablets,Oral Tablet ,421026006,2664306,Oral Route,,,
Medication,,5-Fluorouracil Injection 50 mg/ml,Medication,fluorouracil (as fluorouracil sodium) 50 milligram/1 milliliter conventional release solution for injection,781892004,milligram per milliliter,Solution for injection ,385219001,47625008,Intravenous route,,,
Medication,,Bortezomib Powder for Injection 2mg,Medication,Product containing precisely bortezomib 2 milligram/1 vial powder for conventional release solution for injection,3341000189109,milligram,Powder for Injection ,385223009,"47625008, 34206005","Intravenous route, Subcutaneous route",,,
Medication,,Capecitabine Tablet 500 mg,Medication,capecitabine 500 milligram/1 each conventional release oral tablet ,134622004,tablets,Oral Tablet ,421026006,2664306,Oral Route,,,
Medication,,Carboplatin Injection 10 mg/ml,Medication,carboplatin 10 milligram/1 milliliter conventional release solution for injection,1193764009,milligram per milliliter,Solution for injection ,385219001,47625008,Intravenous route,,,
Medication,,Chlorambucil  Tabl 2 mg,Medication,chlorambucil 2 milligram/1 each conventional release oral tablet,326729009,tablets,Oral Tablet ,421026006,2664306,Oral Route,,,
Medication,,Cyclophosphamide Tablet 50 mg,Medication,cyclophosphamide 50 milligram/1 each conventional release oral tablet ,326731000,tablets,Oral Tablet ,421026006,2664306,Oral Route,,,
Medication,,Cyclophosphamide Powder for Injection 500 mg,Medication,cyclophosphamide 500 milligram/1 vial powder for conventional release solution for injection,1148451005,milligram per milliliter,Powder for Injection ,385223009,"47625008, 78421000","Intravenous route, Intramuscular route",,,
Medication,,Daunorubicin 40 mg injection,Medication,,,tablets,,,47625008,Intravenous route,,,
Medication,,Docetaxel Powder for Injection 20 mg,Medication,Product containing precisely docetaxel 20 milligram/1 vial powder for conventional release solution for injection,3101000189109,milligram,Powder for Injection ,385223009,47625008,Intravenous route,,,
Medication,,Artemether (A) + Lumefantrine (B)  Oral solution 80 mg (A) + 480 mg (B)/5 ml,Medication,Product containing precisely artemether 80 milligram and lumefantrine 480 milligram/5 milliliter oral solution,396441000189108,milliliter,oral solution,385023001,2664306,Oral Route,,,
Medication,,Doxorubicin Injection 10mg/5ml,Medication,doxorubicin hydrochloride 2 milligram/1 milliliter conventional release solution for injection,781850009,milligram per milliliter,Solution for injection ,385219001,47625008,Intravenous route,,,
Medication,,Doxorubicin Injection 50mg/25ml,Medication,doxorubicin hydrochloride 2 milligram/1 milliliter conventional release solution for injection,781850009,milligram per milliliter,Solution for injection ,385219001,47625008,Intravenous route,,,
Medication,,Etoposide Capsule 50 mg,Medication,Product containing precisely etoposide 50 milligram/1 each conventional release oral capsule,326925007,capsules, oral capsule,420692007,2664306,Oral Route,,,
Medication,,Etoposide Injection 20 mg/ml,Medication,,,tablets,,,47625008,Intravenous route,,,
Medication,,Filgrastim Injection 300 mcg,Medication,filgrastim 300 microgram/1 milliliter conventional release solution for injection,784864005,milligram per milliliter,Solution for injection ,385219001,"47625008, 34206005","Intravenous route, Subcutaneous route",,,
Medication,,Gefitinib Tablet 250 mg,Medication,gefitinib 250 milligram/1 each conventional release oral tablet,407101003,tablets,Oral Tablet ,421026006,2664306,Oral Route,,,
Medication,,Gemcitabine Powder for Injection 200 mg,Medication,gemcitabine (as gemcitabine hydrochloride) 200 milligram/1 vial powder for conventional release solution for injection,326909002,milligram per milliliter,Powder for Injection ,385223009,47625008,Intravenous route,,,
Medication,,Imatinib Tablet  400 mg,Medication,imatinib (as imatinib mesilate) 400 milligram/1 each conventional release oral tablet,783590009,tablets,Oral Tablet ,421026006,2664306,Oral Route,,,
Medication,,L-Asparaginase Powder for Injection 5000 IU.,Medication,Product containing precisely asparaginase 5000 international unit/1 vial powder for solution for injection ,4551000189101,milligram per milliliter,Powder for Injection ,385223009,"47625008, 78421000","Intravenous route, Intramuscular route",,,
Medication,,Methotrexate Tablet 10 mg,Medication,methotrexate 10 milligram/1 each conventional release oral tablet,326875008,tablets,Oral Tablet ,421026006,2664306,Oral Route,,,
Medication,,Methotrexate Injection 500 mg,Medication,,,tablets,,,47625008,Intravenous route,,,
Medication,,Oxaliplatin Injection 50 mg,Medication,Product containing precisely oxaliplatin 50 milligram/1 vial powder for conventional release solution for injection ,327035009,milligram,Powder for Injection ,385223009,47625008,Intravenous route,,,
Medication,,Rituximab Injection 500 mg,Medication,,,tablets,,,47625008,Intravenous route,,,
Medication,,Trastuzumab Injection 440 mg,Medication,trastuzumab 440 milligram/1 vial powder for conventional release solution for injection,375356000,milligram per milliliter,Solution for injection ,385219001,47625008,Intravenous route,,,
Medication,,Vinblastine  Injection 10 mg,Medication,vinblastine sulfate 10 milligram/1 vial powder for conventional release solution for injection,766218002,milligram,Powder for Injection ,385223009,47625008,Intravenous route,,,
Medication,,Vincristine Injection 1 mg/ml,Medication,vincristine sulfate 1 milligram/1 milliliter conventional release solution for injection,782134000,milligram per milliliter,Solution for injection ,385219001,47625008,Intravenous route,,,
Medication,,Zoledronic acid Powder for Injection 4 mg,Medication,zoledronic acid 4 milligram/1 vial powder for conventional release solution for injection,766194008,milligram,Solution for injection ,385219001,47625008,Intravenous route,,,
Medication,,Bicalutamide  Tablet 50 mg,Medication,bicalutamide 50 milligram/1 each conventional release oral tablet,327366007,tablets,Oral Tablet ,421026006,2664306,Oral Route,,,
Medication,,Letrozole Tablet 2.5 mg,Medication,letrozole 2.5 milligram/1 each conventional release oral tablet,327377001,tablets,Oral Tablet ,421026006,2664306,Oral Route,,,
Medication,,Tamoxifen Tablet 10 mg,Medication,tamoxifen (as tamoxifen citrate) 10 milligram/1 each conventional release oral tablet,783376005,tablets,Oral Tablet ,421026006,2664306,Oral Route,,,
Medication,,Azathioprine Tablet 50 mg,Medication,azathioprine 50 milligram/1 each conventional release oral tablet,327070006,tablets,Oral Tablet ,421026006,2664306,Oral Route,,,
Medication,,Cyclosporine Capsule 50 mg,Medication,ciclosporin 50 milligram/1 each conventional release oral capsule,327085000,capsules, Oral capsule,420692007,2664306,Oral Route,,,
Medication,,Mycophenolate Sodium Tablet 360 mg,Medication,mycophenolic acid (as mycophenolate sodium) 360 milligram/1 each gastro-resistant oral tablet,785102004,tablets,Oral Tablet ,421026006,2664306,Oral Route,,,
Medication,,Mycophenolate mofetil Tablet 500 mg,Medication,mycophenolate mofetil 500 milligram/1 each conventional release oral tablet ,327106003,tablets,Oral Tablet ,421026006,2664306,Oral Route,,,
Medication,,Tacrolimus Capsule 0.5 mg,Medication,Product containing precisely tacrolimus 500 microgram/1 each conventional release oral capsule,327103006,capsules,Oral capsule,420692007,2664306,Oral Route,,,
Medication,,Tacrolimus  Capsule 1 mg,Medication,Product containing precisely tacrolimus 1 milligram/1 each conventional release oral capsule,327096008,capsules,oral capsule,420692007,2664306,Oral Route,,,
Medication,,Levodopa (A) + Carbidopa (B) Tablet 100 mg (A) + 10 mg (B),Medication,carbidopa anhydrous (as carbidopa) 10 milligram and levodopa 100 milligram/1 each conventional release oral tablet,1153521005,tablets,Oral Tablet ,421026006,2664306,Oral Route,,,
Medication,,Erythropoietin Injection 10000 IU/ml,Medication,Product containing precisely erythropoietin 10000 international unit/1 milliliter conventional release solution for injection,6231000189102,milligram per milliliter,Solution for injection ,385219001,"47625008, 34206005","Intravenous route, Subcutaneous route",,,
Medication,,"Ferrous salt (A) + Folic acid (B) -  Dried Ferrous Sulphate IP equivalent to Ferrous Iron 45 mg (A) + Folic Acid IP 0.4 mg (B),Sugar  Coated, Small Pink Colour.",Medication,,,milligram,,,2664306,Oral Route,,,
Medication,,"Ferrous salt (A) + Folic acid (B) -  Dried Ferrous Sulphate IP equivalent to Ferrous Iron 60 mg (A) + Folic Acid IP 0.5 mg (B), Sugar  Coated. (Red)",Medication,,,tablets,,,2664306,Oral Route,,,
Medication,,Ferrous salt (A) + Folic acid (B) -   Ferrous Iron(derived from Ferrous Sulphate IP) 20 mg (A) + Folic Acid IP 0.1 mg (B)/ml,Medication,,,tablets,,,2664306,Oral Route,,,
Medication,,Folic acid Tablet 5 mg,Medication,folic acid 5 milligram/1 each conventional release oral tablet,327550006,tablets,Oral Tablet ,421026006,2664306,Oral Route,,,
Medication,,Hydroxyurea Capsule 500 mg,Medication,hydroxycarbamide 500 milligram/1 each conventional release oral capsule,326991007,capsules, oral capsule,420692007,2664306,Oral Route,,,
Medication,,Iron sucrose Injection 20 mg/ml,Medication,iron (as iron sucrose) 20 milligram/1 milliliter conventional release solution for injection,781947007,milligram per milliliter,Solution for injection ,385219001,47625008,Intravenous route,,,
Medication,,Enoxaparin Injection 40 mg/0.4 ml,Medication,enoxaparin sodium 100 milligram/1 milliliter conventional release solution for injection,781857007,milligram per milliliter,Solution for injection ,385219001,"47625008, 34206005","Intravenous route, Subcutaneous route",,,
Medication,,Heparin Injection 1000 IU/ml,Medication,heparin sodium 1000 unit/1 milliliter conventional release solution for injection,781923000,milligram per milliliter,Solution for injection ,385219001,"47625008, 34206005","Intravenous route, Subcutaneous route",,,
Medication,,Phytomenadione (Vitamin K1) inj 10 mg/ml,Medication,phytomenadione 10 milligram/1 milliliter conventional release solution for injection,782060001,milligram per milliliter,Solution for injection ,385219001,"47625008, 78421000","Intravenous route, Intramuscular route",,,
Medication,,Phytomenadione (Vitamin K1) Injection 1 mg/ml,Medication,,,tablets,,,"47625008, 78421000","Intravenous route, Intramuscular route",,,
Medication,,Tranexamic acid  tab 500 mg,Medication,tranexamic acid 500 milligram/1 each conventional release oral tablet,319861004,tablets,Oral Tablet ,421026006,2664306,Oral Route,,,
Medication,,Tranexamic acid Injection 100 mg/ml,Medication,tranexamic acid 100 milligram/1 milliliter conventional release solution for injection,782124009,milligram per milliliter,Solution for injection ,385219001,"47625008, 78421000","Intravenous route, Intramuscular route",,,
Medication,,Warfarin Tablet 1mg,Medication,warfarin sodium 1 milligram/1 each conventional release oral tablet,319733000,tablets,Oral Tablet ,421026006,2664306,Oral Route,,,
Medication,,Colloidal Infusion Solution Infusion Polygeline with electrolytes 3.5%.,nutritional_product,polygeline 35 milligram/1 milliliter conventional release solution for infusion ,193791006,tablets,solution for infusion,385229008,47625008,Intravenous route,,,
Medication,,Plasma Expander Infusion Infusion Hydroxy Ethyl Starch (130/0.4) 6% in plasma adapted solution.,nutritional_product,Hydroxyethyl starch 130/0.4,713371009,milliliter,| solution for infusion,385229008,47625008,Intravenous route,,,
Medication,,Coagulation factor IX Powder for Injection 600 IU,nutritional_product,Product containing precisely coagulation factor ix 600 international unit/1 vial powder for conventional release solution for injection,4961000189108,international unit,Powder for Injection ,385223009,47625008,Intravenous route,,,
Medication,,Coagulation factor VIII Powder for Injection 250 IU,nutritional_product,coagulation factor VIII 250 unit/1 vial powder for conventional release solution for injection,1197394004,international unit,Powder for Injection ,385223009,47625008,Intravenous route,,,
Medication,,Coagulation factor VIII Powder for Injection 500 IU,nutritional_product,coagulation factor VIII 500 unit/1 vial powder for conventional release solution for injection,1197393005,international unit,Powder for Injection ,385223009,47625008,Intravenous route,,,
Medication,,Clopidogrel Tablet 75 mg,Medication,,1137314000,tablets,Oral Tablet ,421026006,2664306,Oral Route,,,
Medication,,Diltiazem Tablet 60 mg,Medication,,376724001,tablets,Oral Tablet ,421026006,2664306,Oral Route,,,
Medication,,Diltiazem  60 mg prolonged-release oral tablet,Medication,,765679001,tablets,Oral Tablet ,421026006,2664306,Oral Route,,,
Medication,,Glyceryl trinitrate  Sublingual tablet 0.5 mg,Medication,glyceryl trinitrate 500 microgram/1 each conventional release sublingual tablet,319385001,tablets,sublingual tablet ,385084005,37839007,sublingual route,,,
Medication,,Isosorbide-5- mononitrate Tablet 10 mg,Medication,,319133007,tablets,Oral Tablet ,421026006,2664306,Oral Route,,,
Medication,,Metoprolol Tablet 50 mg,Medication,metoprolol tartrate 50 milligram/1 each conventional release oral tablet,318475005,tablets,Oral Tablet ,421026006,2664306,Oral Route,,,
Medication,,Metoprolol 50mg prolonged-release oral tablet,Medication,metoprolol tartrate (as metoprolol succinate) 50 milligram/1 each prolonged-release oral tablet,879979006,tablets,Prolonged-release oral tablet,385060002,2664306,Oral Route,,,
Medication,,Nitroglycerin Injection 5 mg/ml,Medication,glyceryl trinitrate 5 milligram/1 milliliter conventional release solution for injection,782021003,milligram per milliliter, Conventional release solution for injection,385219001,47625008,Intravenous route,,,
Medication,,Adenosine  Injection 3 mg/ml,Medication,adenosine   3 milligram/1 milliliter conventional release solution for injection,781752008,milligram per milliliter,Solution for injection ,385219001,47625008,Intravenous route,,,
Medication,,Amiodarone Tablet 100 mg,Medication,amiodarone hydrochloride 100 milligram/1 each conventional release oral tablet,318186003,tablets,Oral Tablet ,421026006,2664306,Oral Route,,,
Medication,,Amiodarone Injection  50 mg/ml,Medication,amiodarone hydrochloride 50 milligram/1 milliliter conventional release solution for injection,781766003,milligram per milliliter,Solution for injection ,385219001,47625008,Intravenous route,,,
Medication,,Amlodipine(as amlodipine maleate) Tablet 5 mg,Medication,,1193664002,tablets,Oral Tablet ,421026006,2664306,Oral Route,,,
Medication,,amlodipine (as amlodipine besilate) Tablet 5 mg,Medication,,783049000,tablets,Oral Tablet ,421026006,2664306,Oral Route,,,
Medication,,amlodipine (as amlodipine mesilate) Tablet 5 mg,Medication,,1193665001,tablets,Oral Tablet ,421026006,2664306,Oral Route,,,
Medication,,Clonidine HCL Tablet 100mcg,Medication,clonidine hydrochloride 100 microgram/1 each conventional release oral tablet ,318667005,tablets,Oral Tablet ,421026006,2664306,Oral Route,,,
Medication,,Hydrochlorothiazide Tablet 12.5 mg,Medication,hydrochlorothiazide 12.5 milligram/1 each conventional release oral tablet,1295267000,tablets,Oral Tablet ,421026006,2664306,Oral Route,,,
Medical Product,,Labetalol  Tablet 100 mg IP,Medication,labetalol hydrochloride 100 milligram/1 each conventional release oral tablet,318445000,tablets,Oral Tablet ,421026006,2664306,Oral Route,,,
Medical Product,,Labetalol Injection 5 mg/ml,Medication,labetalol hydrochloride 5 milligram/1 milliliter conventional release solution for injection,781958003,milligram per milliliter,Solution for injection ,385219001,47625008,Intravenous route,,,
Medical Product,,Losartan Potassium Tablet 50mg,Medication,losartan potassium 50 milligram/1 each conventional release oral tablet,318956006,tablets,Oral Tablet ,421026006,2664306,Oral Route,,,
Medical Product,,Nifedipine Tablet 10 mg,Medication,nifedipine 10 milligram/1 each prolonged-release oral tablet,765730000,tablets,Prolonged-release oral tablet,385060002,2664306,Oral Route,,,
Medical Product,,Olmesartan Tablet 40mg,Medication,olmesartan medoxomil 40 milligram/1 each conventional release oral tablet,385543004,tablets,Oral Tablet ,421026006,2664306,Oral Route,,,
Medical Product,,Ramipril Tablet 2.5 mg,Medication,ramipril 2.5 milligram/1 each conventional release oral tablet,408050008,tablets,Oral Tablet ,421026006,2664306,Oral Route,,,
Medical Product,,Ramipril Capsule 2.5 mg,Medication,ramipril 2.5 milligram/1 each conventional release oral capsule,318901006,capsules,oral capsule,420692007,2664306,Oral Route,,,
Medical Product,,Sodium Nitroprusside Injection 10 mg/ml,Medication,Product containing precisely nitroprusside (as sodium nitroprusside) 10 milligram/1 milliliter conventional release solution for injection,6441000189107,milligram per milliliter,Solution for injection ,385219001,47625008,Intravenous route,,,
Medical Product,,Telmisartan Tablet 40 mg,Medication,telmisartan 40 milligram/1 each conventional release oral tablet,318986004,tablets,Oral Tablet ,421026006,2664306,Oral Route,,,
Medical Product,,Digoxin Tablet 0.25 mg,Medication,digoxin 250 microgram/1 each conventional release oral tablet,317897002,tablets,Oral Tablet ,421026006,2664306,Oral Route,,,
Medical Product,,Digoxin Injection 0.25 mg/ml,Medication,digoxin 250 microgram/1 milliliter conventional release solution for injection,781834001,milligram per milliliter,Solution for injection ,385219001,"47625008, 78421000","Intravenous route, Intramuscular route",,,
Medical Product,,Dobutamine Injection 50 mg/ml,Medication,dobutamine (as dobutamine hydrochloride) 50 milligram/1 milliliter conventional release solution for injection,1145334000,milligram per milliliter,Solution for injection ,385219001,47625008,Intravenous route,,,
Medical Product,,Dopamine Injection 40 mg/ml,Medication,dopamine hydrochloride 40 milligram/1 milliliter conventional release solution for injection,781845003,milligram per milliliter,Solution for injection,385219001,47625008,Intravenous route,,,
Medical Product,,Noradrenaline Injection 2 mg/ml,Medication,norepinephrine (as norepinephrine bitartrate) 1 milligram/1 milliliter conventional release solution for injection,1145295003,milligram per milliliter,Solution for injection,385219001,47625008,Intravenous route,,,
Medical Product,,Acetylsalicylic acid   Enteric coated Tablet 75 mg,Medication,aspirin 75 milligram/1 each gastro-resistant oral tablet,319781007,tablets, Gastro-resistant oral tablet,,2664306,Oral Route,,,
Medical Product,,"Streptokinase Injection 15,00,000 IU",Medication,streptokinase 1.5 million unit/1 vial powder for conventional release solution for injection,785974003,milligram per milliliter,Solution for injection ,385219001,47625008,Intravenous route,,,
Medical Product,,"Streptokinase powder for Injection 15,00,000 IU",Medication,streptokinase 1.5 million unit/1 vial powder for conventional release solution for injection,785974003,milligram per milliliter,Powder for Injection ,385223009,47625008,Intravenous route,,,
Medical Product,,Atorvastatin Tablet 10 mg,Medication,atorvastatin (as atorvastatin calcium) 10 milligram/1 each conventional release oral tablet,1145419005,tablets,Oral Tablet ,421026006,2664306,Oral Route,,,
Medical Product,,Fenofibrate Tablet 160 mg,Medication,fenofibrate 160 milligram/1 each conventional release oral tablet,376023000,tablets,Oral Tablet ,421026006,2664306,Oral Route,,,
Medical Product,,fenofibrate micronized tablet 160 mg,Medication,fenofibrate micronized 160 milligram/1 each conventional release oral tablet,319994002,tablets,Oral Tablet ,421026006,2664306,Oral Route,,,
Medical Product,,Rosuvastatin Tablet 10 mg,Medication,rosuvastatin (as rosuvastatin calcium) 10 milligram/1 each conventional release oral tablet,408036003,tablets,Oral Tablet,421026006,2664306,Oral Route,,,
Medical Product,,Miconazole Ointment  2 % w/w,Medication,miconazole nitrate 20 milligram/1 gram conventional release cutaneous ointment,1193813001,milligram, Conventional release cutaneous ointment,425753008,6064005,Topical route,,,
Medical Product,,Betamethasone Cream 0.05%,Medication,betamethasone (as betamethasone dipropionate) 500 microgram/1 gram conventional release cutaneous cream ,375668004,milligram,Conventional release cutaneous cream,421628006,6064005,Topical route,,,
Medical Product,,"Gamma Benzene Hexa Cloride Lotion 1% w/v,",Medication,lindane 10 milligram/1 milliliter conventional release cutaneous lotion,1187450007,milligram, Conventional release cutaneous lotion ,762065001,6064005,Topical route,,,
Medical Product,,Peritoneal Dialysis Fluid (CAPD) - 2.5%,Medication,,,tablets,,,38239002,Intraperitoneal route,,,
Medical Product,,Framycetin  Cream 1%,Medication,framycetin sulfate 10 milligram/1 gram conventional release cutaneous cream,1179774005,milligram, Conventional release cutaneous cream,421628006,6064005,Topical route,,,
Medical Product,,Povidone iodine Ointment 5% w/w,Medication,povidone iodine 50 milligram/1 gram conventional release cutaneous ointment,1217583006,milligram, Conventional release cutaneous ointment,425753008,6064005,Topical route,,,
Medical Product,,Povidone iodine Solution 5%,Medication,povidone iodine 50 milligram/1 milliliter conventional release cutaneous solution ,786879001,milliliter,cutaneous solution,385108009,6064005,Topical route,,,
Medical Product,,Silver sulphadiazine  Cream 1%,Medication,silver sulfadiazine 10 milligram/1 gram conventional release cutaneous cream,864000006,milligram,Conventional release cutaneous cream,421628006,6064005,Topical route,,,
Medical Product,,Furosemide Tablet 40 mg,Medication,Product containing precisely furosemide 40 milligram/1 each conventional release oral tablet,317972000,tablets,Oral Tablet ,421026006,2664306,Oral Route,,,
Medical Product,,Furosemide Injection 10 mg/ ml,Medication,Product containing precisely furosemide 10 milligram/1 milliliter conventional release solution for injection,781903001,milligram per milliliter,Solution for injection ,385219001,"47625008, 78421000","Intravenous route, Intramuscular route",,,
Medical Product,,Metolazone  Tablet 5 mg,Medication, Product containing precisely metolazone 5 milligram/1 each conventional release oral tablet,317965001,tablets,Oral Tablet ,421026006,2664306,Oral Route,,,
Medical Product,,Mannitol  Injection 20%,Medication,Product containing precisely mannitol 200 milligram/1 milliliter conventional release solution for injection,1145300001,milligram per milliliter,Solution for injection ,385219001,47625008,Intravenous route,,,
Medical Product,,Spironolactone Tablet 25 mg,Medication,Product containing precisely spironolactone 25 milligram/1 each conventional release oral tablet,318056008,tablets,Oral Tablet ,421026006,2664306,Oral Route,,,
Medical Product,,Clotrimazole Ear Drops 1%,Medication,Product containing precisely clotrimazole 10 milligram/1 milliliter conventional release ear drops,7431000189103,drop,ear drops,385136004,10547007,Otic route,,,
Medical Product,,Normal Saline Nasal Drop,Medication,Product containing precisely sodium chloride 9 milligram/1 milliliter conventional release nasal drops,331126001,drop, nasal drops,385152001,260617000,Intranasal approach,,,
Medical Product,,Xylometazoline Nasal drops 0.1 %,Medication, xylometazoline hydrochloride 1 milligram/1 milliliter conventional release nasal drops,331104002,drop, nasal drops,385152001,260617000,Intranasal approach,,,
Medical Product,,Pantoprazole Tablet 40 mg,Medication,Product containing precisely pantoprazole sodium 40 milligram/1 each conventional release oral tablet,373960005,tablets,Oral Tablet ,421026006,2664306,Oral Route,,,
Medical Product,,Pantoprazole gastro-resistant oral Tablet 40 mg,Medication, Product containing precisely pantoprazole (as pantoprazole sodium) 40 milligram/1 each gastro-resistant oral tablet,1145538003,tablets, Gastro-resistant oral tablet,385059007,2664306,Oral Route,,,
Medical Product,,Pantoprazole Injection 40 mg,Medication,Product containing precisely pantoprazole (as pantoprazole sodium) 40 milligram/1 vial powder for conventional release solution for injection,1145539006,milligram per milliliter,Solution for injection ,385219001,47625008,Intravenous route,,,
Medical Product,,Rabeprazole Tablet 20mg,Medication,Product containing precisely rabeprazole sodium 20 milligram/1 each gastro-resistant oral tablet,317325006,tablets, Gastro-resistant oral tablet,385059007,2664306,Oral Route,,,
Medical Product,,Sucralfate  Oral Suspension 1 gm/5ml,Medication,,,tablets,385024007 | oral suspension,,2664306,Oral Route,,,
Medical Product,,Domperidone Tablet 10 mg,Medication,domperidone (as domperidone maleate) 10 milligram/1 each conventional release oral tablet,783326008,tablets,Oral Tablet ,421026006,2664306,Oral Route,,,
Medical Product,,Domperidone Oral Suspension 1 mg/ml,Medication,domperidone 1 milligram/1 milliliter conventional release oral suspension,322078007,milliliter,oral suspension,385024007,2664306,Oral Route,,,
Medical Product,,Doxylamine Succinate Tablet 10 mg,Medication,,,tablets,Oral Tablet ,421026006,2664306,Oral Route,,,
Medical Product,,Ondansetron tablet tab 4 mg,Medication, ondansetron (as ondansetron hydrochloride) 4 milligram/1 each conventional release oral tablet,322173001,tablets,Oral Tablet ,421026006,2664306,Oral Route,,,
Medical Product,,Ondansetron Oral Solution 2 mg/5 ml,Medication,Product containing precisely ondansetron 2 milligram/5 milliliter conventional release oral solution,5901000189108,milliliter,oral solution,385023001,2664306,Oral Route,,,
Medical Product,,Ondansetron inj 2 mg/ml,Medication,ondansetron (as ondansetron hydrochloride) 2 milligram/1 milliliter conventional release solution for injection,782032003,milligram per milliliter,Solution for injection ,385219001,"47625008, 78421000","Intravenous route, Intramuscular route",,,
Medical Product,,promethazine hydrochloride  Tablet 25 mg,Medication,Product containing precisely promethazine hydrochloride 25 milligram/1 each conventional release oral tablet,320776005,tablets,Oral Tablet ,421026006,2664306,Oral Route,,,
Medical Product,,Promethazine Injection 25 mg/ml,Medication,promethazine hydrochloride 25 milligram/1 milliliter conventional release solution for injection,782080000,milligram per milliliter,Solution for injection ,385219001,78421000,Intramuscular route,,,
Medical Product,,Trypsin + Chymotrypsin  Tablet in a ratio of 6:1 (100000 Unit),Medication,,,tablets,,,2664306,Oral Route,,,
Medical Product,,Dicyclomine Tablet 10 mg,Medication,Product containing precisely dicycloverine hydrochloride 10 milligram/1 each conventional release oral tablet,317109009,tablets,Oral Tablet ,421026006,2664306,Oral Route,,,
Medical Product,,Dicyclomine Oral Suspension 10mg/5ml,Medication,,,milliliter, oral solution,385023001,2664306,Oral Route,,,
Medical Product,,Dicyclomine Injection 10 mg/ml,Medication,Product containing precisely dicyclomine hydrochloride 10 milligram/1 milliliter conventional release solution for injection,4231000189108,milligram per milliliter,,,78421000,Intramuscular route,,,
Medical Product,,Hyoscine butylbromide  tab 10 mg,Medication,Product containing precisely scopolamine butylbromide 10 milligram/1 each conventional release oral tablet,317117001,tablets,Oral Tablet ,421026006,2664306,Oral Route,,,
Medical Product,,Hyoscine butylbromide Injection 20 mg/ml,Medication,Product containing precisely scopolamine butylbromide 20 milligram/1 milliliter conventional release solution for injection,782099009,milligram per milliliter,Solution for injection ,385219001,"47625008, 78421000","Intravenous route, Intramuscular route",,,
Medical Product,,Bisacodyl tab 5 mg,Medication,Product containing precisely bisacodyl 5 milligram/1 each gastro-resistant oral tablet,317512004,tablets, Gastro-resistant oral tablet,385059007,2664306,Oral Route,,,
Medical Product,,Lactulose  Oral Solution 10 gm/15 ml,Medication,Product containing precisely lactulose 10 gram/15 milliliter oral solution,2184281000189101,milliliter, oral solution,385023001,2664306,Oral Route,,,
Medical Product,,"Oral rehydration salts  Sodium Chloride IP-2.6 gm,Potassium Chloride IP-1.5 gm,Sodium Citrate IP-2.9 gm &  Dextrose(Anhydrous) IP-13.5 gm. (WHO Recommended Formula)",Medication,,,tablets,,,2664306,Oral Route,,,
Medical Product,,Loperamide Tablet 2 mg,Medication,Product containing precisely loperamide hydrochloride 2 milligram/1 each conventional release oral tablet ,317377000,tablets,Oral Tablet ,421026006,2664306,Oral Route,,,
Medical Product,,Zinc sulphate Dispersible Tablet 20 mg,Medication,,,tablets,,,2664306,Oral Route,,,
Medical Product,,Ursodeoxycholic acid  Tablet 300 mg,Medication,Product containing precisely ursodeoxycholic acid 300 milligram/1 each conventional release oral table,317796004,tablets,Oral Tablet ,421026006,2664306,Oral Route,,,
Medical Product,,Human chorionic gonadotropin  Injection 5000 IU,Medication,Product containing precisely human chorionic gonadotropin 5000 international unit/1 vial powder for conventional release solution for injection ,8021000189107,milligram per milliliter,Solution for injection ,385219001,"78421000, 34206005","Intramuscular route, Subcutaneous route",,,
Medical Product,,Glimepiride Tablet 1 mg,Medication,Product containing precisely glimepiride 1 milligram/1 each conventional release oral tablet,325261003,tablets,Oral Tablet ,421026006,2664306,Oral Route,,,
Medical Product,,Glimepiride Tablet 2 mg,Medication,Product containing precisely glimepiride 2 milligram/1 each conventional release oral table,325259007,tablets,Oral Tablet ,421026006,2664306,Oral Route,,,
Medical Product,,"Insulin Insulin Injection IP Soluble Insulin, Neutral, 40 IU/ml",Medication,Product containing precisely insulin 40 international unit/1 milliliter conventional release solution for injection,7581000189103,milligram per milliliter,Solution for injection,385219001,"47625008, 34206005","Intravenous route, Subcutaneous route",,,
Medical Product,,"Insulin Isophane Insulin Injection IP, 40 IU/ml",Medication,Product containing precisely isophane insulin 40 international unit/1 milliliter conventional release solution for injection,1971000189101,milligram per milliliter,Solution for injection ,385219001,34206005,Subcutaneous route,,,
Medical Product,,"Insulin  Biphasic Isophane Insulin Injection IP(30% as Soluble Insulin and 70% as Isophane Insulin), 40  IU/ml",Medication,,,tablets,,,34206005,Subcutaneous route,,,
Medical Product,,Metformin Tablet 500 mg SR,Medication,Product containing precisely metformin hydrochloride 500 milligram/1 each prolonged-release oral tablet,765507008,tablets,Prolonged-release oral tablet,385060002,2664306,Oral Route,,,
Medical Product,,Metformin Tablet 1000 mg SR,Medication,Product containing precisely metformin hydrochloride 1 gram/1 each prolonged-release oral tablet ,765550003,tablets,Prolonged-release oral tablet,385060002,2664306,Oral Route,,,
Medical Product,,Carbimazole Tablet 10 mg,Medication,Product containing precisely carbimazole 10 milligram/1 each conventional release oral tablet,5611000189100,tablets,Oral Tablet ,421026006,2664306,Oral Route,,,
Medical Product,,Levothyroxine Tablet 25 mcg,Medication,Product containing precisely levothyroxine sodium 25 microgram/1 each conventional release oral tablet,374294006,tablets,Oral Tablet ,421026006,2664306,Oral Route,,,
Medical Product,,Levothyroxine Tablet 50 mcg,Medication,Product containing precisely levothyroxine sodium 50 microgram/1 each conventional release oral tablet,374295007,tablets,Oral Tablet ,421026006,2664306,Oral Route,,,
Medical Product,,Anti-Tetanus Immunoglobulin  Injection 250 IU,Medication,Product containing precisely human tetanus immunoglobulin 250 unit/1 milliliter conventional release solution for injection,879842009,milligram per milliliter,Solution for injection ,385219001,78421000,Intramuscular route,,,
Medical Product,,Anti-D Immunoglobulin Injection 300 mcg in 2ml,Medication,Product containing precisely human anti-d immunoglobulin 150 microgram/1 milliliter solution for injection,1666211000189102,milligram per milliliter,Solution for injection ,385219001,78421000,Intramuscular route,,,
Medical Product,,Diphtheria Antitoxin Injection 10000 IU,Medication,Product containing precisely diphtheria antitoxin 10000 international unit/10 milliliter conventional release solution for injection,2791000189106,milligram per milliliter,Solution for injection ,385219001,,Intravenous route (47625008),,,
Medical Product,,Hepatitis B Immunoglobulin Injection 100 IU,Medication,,,tablets,,,78421000,Intramuscular route,,,
Medical Product,,Human Normal Immunoglobulin  Injection 5%,Medication, Product containing precisely normal human immunoglobulin 50 milligram/1 milliliter conventional release solution for infusion ,1172547008,milligram per milliliter,Solution for injection ,385219001,,Intravenous route (47625008),,,
Medical Product,,Human Rabies Immunoglobulin  Injection 150 IU/ml,Medication,Product containing precisely rabies human immune globulin 150 unit/1 milliliter conventional release solution for injection,789650005,milligram per milliliter,Solution for injection ,385219001,78421000,Intramuscular route,,,
Medical Product,,Rabies Anti Serum IP (Equine)   300 units per ml contains equine anti-rabies immunoglobulin fragnents (IM/SC use).,Medication,,,tablets,,,78421000,Intramuscular route,,,
Medical Product,,Rabies Vaccine Injection 2.5 IU,Medication,,,tablets,,,"78421000, 372464004","Intramuscular route, Intradermal route",,,
Medical Product,,Tetanus Toxoid Injection 0.5 ml,Medication,,,tablets,,,78421000,Intramuscular route,,,
Medical Product,,Atracurium Injection 10 mg/ml,Medication,Product containing precisely atracurium besilate 10 milligram/1 milliliter conventional release solution for injection,781774002,milligram per milliliter,Solution for injection ,385219001,47625008,Intravenous route,,,
Medical Product,,Succinylcholine Injection 50 mg/ml,Medication,Product containing precisely succinylcholine chloride 50 milligram/1 milliliter conventional release solution for injection ,782113007,milligram per milliliter,Solution for injection ,385219001,"47625008, 78421000","Intravenous route, Intramuscular route",,,
Medical Product,,Thiocolchicoside Tablet 4 mg,Medication,,,tablets,,,2664306,Oral Route,,,
Medical Product,,Tizanidine  Tablet 2mg,Medication,Product containing precisely tizanidine (as tizanidine hydrochloride) 2 milligram/1 each conventional release oral tablet,330135003,tablets,Oral Tablet ,421026006,2664306,Oral Route,,,
Medical Product,,Vecuronium Powder for Injection 4 mg,Medication,Product containing precisely vecuronium bromide 4 milligram/1 vial powder for conventional release solution for injection,1173056004,milligram per milliliter,Solution for injection ,385219001,47625008,Intravenous route,,,
Medical Product,,Alprostadil Injection 0.5 mg/ml,Medication,Product containing precisely alprostadil 500 microgram/1 milliliter conventional release solution for injection,1145265006,milligram per milliliter,Solution for injection ,385219001,"372461007, 47625008","Intracavernous route, Intravenous route",,,
Medical Product,,Surfactant  80 mg/ ml,Medication,,,tablets,,,404818005,Intratracheal route,,,
Medical Product,,Carboxymethylcellulose Eye Drops 0.5%,Medication,Product containing precisely carmellose sodium 5 milligram/1 milliliter conventional release eye drops,1193876000,drop,eye drops,385124005,54485002,Ophthalmic route,,,
Medical Product,,Ciprofloxacin Eye Drops 0.3%,Medication,Product containing precisely ciprofloxacin (as ciprofloxacin hydrochloride) 3 milligram/1 milliliter conventional release eye drops,330418005,drop, eye drops,385124005,54485002,Ophthalmic route,,,
Medical Product,,Homatropine Eye Drops 2%,Medication,Product containing precisely homatropine hydrobromide 20 milligram/1 milliliter conventional release eye drops,330567005,drop,eye drops,385124005,54485002,Ophthalmic route,,,
Medical Product,,Hydroxypropyl Methylcellulose Injection 2%,Medication,,,milligram per milliliter,,,372468001,Intraocular route,,,
Medical Product,,Moxifloxacin Eye Drops 0.5% w/v.,Medication,Product containing precisely moxifloxacin (as moxifloxacin hydrochloride) 5 milligram/1 milliliter conventional release eye solution,785109008,drop,eye solution ,422060001,54485002,Ophthalmic route,,,
Medical Product,,Carboprost Trometahmine Injection 250 mcg/ml,Medication,Product containing precisely carboprost (as carboprost trometamol) 250 microgram/1 milliliter conventional release solution for injection,781798009,milligram per milliliter,Solution for injection ,385219001,"78421000, 418133000","Intramuscular route, Intramyometrial route",,,
Medical Product,,Methylergometrine  Tablet 0.125 mg,Medication, Product containing precisely methylergometrine maleate 125 microgram/1 each conventional release oral tablet,1204233002,tablets,Oral Tablet ,421026006,2664306,Oral Route,,,
Medical Product,,Methylergometrine Injection 0.2 mg/ml,Medication,Product containing precisely methylergometrine 0.2 milligram/1 milliliter conventional release solution for injection,4731000189104,milligram per milliliter,Solution for injection ,385219001,78421000,Intramuscular route,,,
Medical Product,,Mifepristone Tablet 200 mg,Medication,Product containing precisely mifepristone 200 milligram/1 each conventional release oral tablet,326146004,tablets,Oral Tablet ,421026006,2664306,Oral Route,,,
Medical Product,,Misoprostol Tablet 200 mcg,Medication,Product containing precisely misoprostol 200 microgram/1 each conventional release oral tablet ,317288008,tablets,Oral Tablet ,421026006,2664306,Oral Route,,,
Medical Product,,Oxytocin  Injection 5 IU/ml,Medication,Product containing precisely oxytocin 5 unit/1 milliliter conventional release solution for injection,782035001,milligram per milliliter,Solution for injection ,385219001,"47625008, 78421000","Intravenous route, Intramuscular route",,,
Medical Product,,Haloperidol Tablet 10 mg,Medication,Product containing precisely haloperidol 10 milligram/1 each conventional release oral tablet,321418005,tablets,Oral Tablet ,421026006,2664306,Oral Route,,,
Medical Product,,Risperidone Tablet 2 mg,Medication,Product containing precisely risperidone 2 milligram/1 each conventional release oral tablet,321590000,tablets,Oral Tablet ,421026006,2664306,Oral Route,,,
Medical Product,,Amitriptyline Tablet 10 mg,Medication,Product containing precisely amitriptyline hydrochloride 10 milligram/1 each conventional release oral tablet,321745007,tablets,Oral Tablet ,421026006,2664306,Oral Route,,,
Medical Product,,Amitriptyline Tablet 25 mg,Medication,Product containing precisely amitriptyline hydrochloride 25 milligram/1 each conventional release oral tablet,321746008,tablets,Oral Tablet ,421026006,2664306,Oral Route,,,
Medical Product,,Escitalopram Tablet 10 mg,Medication, Product containing precisely escitalopram (as escitalopram oxalate) 10 milligram/1 each conventional release oral tablet,407915000,tablets,Oral Tablet ,421026006,2664306,Oral Route,,,
Medical Product,,Fluoxetine Capsule 20 mg,Medication,Product containing precisely fluoxetine (as fluoxetine hydrochloride) 20 milligram/1 each conventional release oral capsule,321949006,capsules, oral capsule,420692007,2664306,Oral Route,,,
Medical Product,,Lithium Carbonate Tablet 300 mg,Medication,Product containing precisely lithium carbonate 300 milligram/1 each conventional release oral tablet,374674009,tablets,Oral Tablet,421026006,2664306,Oral Route,,,
Medical Product,,Clonazepam dispersible oral tablet  Tablet 0.25 mg,Medication,Product containing precisely clonazepam 250 microgram/1 each tablet for conventional release oral suspension,1231831008,tablets,oral suspension,385024007,2664306,Oral Route,,,
Medical Product,,Clonazepam orodispersible tablet Tablet 0.25 mg,Medication,Product containing precisely clonazepam 250 microgram/1 each conventional release orodispersible tablet ,784981002,tablets, orodispersible tablet,447079001,2664306,Oral Route,,,
Medical Product,,Zolpidem oral tablet Tablet 5 mg,Medication,Product containing precisely zolpidem tartrate 5 milligram/1 each conventional release oral tablet,321183000,tablets,Oral Tablet ,421026006,2664306,Oral Route,,,
Medical Product,,Zolpidem sublingual tablet Tablet 5 mg,Medication,Product containing precisely zolpidem tartrate 5 milligram/1 each conventional release sublingual tablet,785077007,tablets,sublingual tablet ,385084005,2664306,Oral Route,,,
Medical Product,,Zolpidem  orodispersible tablet Tablet 5 mg,Medication,Product containing precisely zolpidem tartrate 5 milligram/1 each conventional release orodispersible tablet ,785076003,tablets,orodispersible tablet,447079001,2664306,Oral Route,,,
Medical Product,,Budesonide  Inhalation (MDI) 200 mcg/dose,Medication,Product containing precisely budesonide 200 microgram/1 actuation conventional release powder for inhalation,770282000,microgram,powder for inhalation,385207009,447694001,Respiratory tract route,,,
Medical Product,,Budesonide Respirator solution for use in nebulizer 0.5 mg/ml,Medication,Product containing precisely budesonide 500 microgram/1 milliliter conventional release suspension for nebulizer,1255203009,microgram,Conventional release suspension for nebulizer ,385199008,447694001,Respiratory tract route,,,
Medical Product,,Budesonide (A)+ Formoterol (B)  Inhalation (MDI) 200 mcg (A) + 6 mcg (B),Medication,Product containing precisely budesonide 200 microgram and formoterol fumarate dihydrate 6 microgram/1 actuation conventional release powder for inhalation,770284004,microgram, powder for inhalation,385207009,447694001,Respiratory tract route,,,
Medical Product,,Cough Syrup,Medication,Product containing precisely ambroxol hydrochloride 3 milligram/1 milliliter and guaifenesin 10 milligram/1 milliliter and terbutaline sulfate 250 microgram/1 milliliter conventional release oral solution,1201823002,milliliter,oral solution,385023001,2664306,Oral Route,,,
Medical Product,,"Cough Syrup Each 5 ml contains as per Indian Pharmacopoeia standard, Ammonium Chloride IP,  Diphenhydramine Hydrochloride IP, Sodium Citrate Menthol IP",Medication,,,milliliter,,,2664306,Oral Route,,,
Medical Product,,Dextromethorphan  Pediatric Cough Syrup 15mg/5ml,Medication,,,milliliter,,,2664306,Oral Route,,,
Medical Product,,Ipratropium Inhalation (MDI) 20 mcg/dose,Medication,Product containing precisely ipratropium bromide 20 microgram/1 actuation conventional release pressurized solution for inhalation ,770295005,microgram,solution for inhalation,420641004,447694001,Respiratory tract route,,,
Medical Product,,Ipratropium Respirator solution for use in nebulizer 250 mcg/ml,Medication,Product containing precisely ipratropium bromide 250 microgram/1 milliliter conventional release solution for nebulizer,1268366003,microgram,solution for nebulizer,385198000,447694001,Respiratory tract route,,,
Medical Product,,Levosulbutamol Syrup 1 mg/5ml.,Medication,,,milliliter,,,,Oral Route (2664306),,,
Medical Product,,Salbutamol oral Tablet 4 mg,Medication,Product containing precisely salbutamol (as salbutamol sulfate) 4 milligram/1 each conventional release oral tablet,783584005,tablets,Oral Tablet,421026006,2664306,Oral Route,,,
Medical Product,,Salbutamol prolonged-release oral tablet Tablet 4 mg,Medication,Product containing precisely salbutamol (as salbutamol sulfate) 4 milligram/1 each prolonged-release oral tablet,765660004,tablets,Prolonged-release oral tablet,385060002,2664306,Oral Route,,,
Medical Product,,Salbutamol Syrup 2 mg/5 ml,Medication,Product containing precisely albuterol 2 milligram/5 milliliter conventional release oral syrup,7551000189106,milliliter,oral solution,385023001,2664306,Oral Route,,,
Medical Product,,Salbutamol  Inhalation (MDI) 100 mcg/dose,Medication,Product containing precisely salbutamol (as salbutamol sulfate) 100 microgram/1 actuation conventional release pressurized suspension for inhalation,770300007,microgram,suspension for inhalation,421221008,447694001,Respiratory tract route,,,
Medical Product,,Theophyline(A)  & Etophylline (B)  Injection 50.6mg(A)  & 169.4 mg(B),Medication,Product containing precisely etofylline 84.7 milligram/1 milliliter and theophylline anhydrous 25.3 milligram/1 milliliter conventional release solution for injection,1230124001,milligram per milliliter,Solution for injection ,385219001,"47625008, 78421000","Intravenous route, Intramuscular route",,,
Medical Product,,Tiotropium Inhalation (MDI)  18 mcg/dose,Medication,Product containing precisely tiotropium (as tiotropium bromide) 18 microgram/1 actuation conventional release powder for inhalation,785983008,microgram,powder for inhalation,385207009,447694001,Respiratory tract route,,,
Medical Product,,Glucose Injection 5%,nutritional_product,Product containing precisely glucose 50 milligram/1 milliliter conventional release solution for injection,1204430002,milligram per milliliter,Solution for injection ,385219001,47625008,Intravenous route,,,
Medical Product,,Glucose Injection 10%,nutritional_product,Product containing precisely glucose 100 milligram/1 milliliter conventional release solution for injection,1204431003,milligram per milliliter,Solution for injection ,385219001,47625008,Intravenous route,,,
Medical Product,,Glucose Injection 25%,nutritional_product,Product containing precisely glucose 250 milligram/1 milliliter conventional release solution for injection,1338074004,milligram per milliliter,Solution for injection,385219001,47625008,Intravenous route,,,
Medical Product,,Glucose (A) + Sodium chloride (B) Injection 5% (A) + 0.9% (B),nutritional_product,Product containing precisely glucose 50 milligram/1 milliliter and sodium chloride 9 milligram/1 milliliter conventional release solution for injection,789129000,milligram per milliliter,Solution for injection ,385219001,47625008,Intravenous route,,,
Medical Product,,Potassium chloride Injection 150 mg/ml,nutritional_product,Product containing precisely potassium chloride 150 milligram/1 milliliter conventional release solution for injection,1197461001,milligram per milliliter,Solution for injection ,385219001,47625008,Intravenous route,,,
Medical Product,,Potassium chloride Oral Solution 500 mg/5 ml,nutritional_product,Product containing precisely potassium chloride 100 milligram/1 milliliter conventional release oral solution,786895001,milliliter, oral solution,385023001,2664306,Oral Route,,,
Medical Product,,Ringer lactate Injection,nutritional_product,,,milligram per milliliter,,,47625008,Intravenous route,,,
Medical Product,,Sodium bicarbonate Injection 7.5 % w/v,nutritional_product,Product containing precisely sodium bicarbonate 75 milligram/1 milliliter conventional release solution for injection,784946004,milligram per milliliter,Solution for injection ,385219001,47625008,Intravenous route,,,
Medical Product,,Sodium chloride Injection 0.9% in 500 ml,nutritional_product,,,milligram per milliliter,Solution for injection ,385219001,47625008,Intravenous route,,,
Medical Product,,Sodium chloride Injection 0.9% in 100 ml,nutritional_product,Product containing precisely sodium chloride 9 milligram/1 milliliter conventional release solution for injection,782104005,milligram per milliliter,Solution for injection,385219001,47625008,Intravenous route,,,
Medical Product,,Sodium chloride Injection 0.45%,nutritional_product,,,milligram per milliliter,Solution for injection ,385219001,47625008,Intravenous route,,,
Medical Product,,Sodium chloride Injection 3%,nutritional_product,Product containing precisely sodium chloride 30 milligram/1 milliliter conventional release solution for injection,1338072000,milligram per milliliter,Solution for injection ,385219001,47625008,Intravenous route,,,
Medical Product,,Water for Injection,Medication,Product containing precisely water 1 gram/1 milliliter conventional release solution for injection,784645002,milligram per milliliter,Solution for injection ,385219001,,,,,
Medical Product,,Ascorbic acid (Vitamin C) Tablet 500 mg,Medication,Product containing precisely ascorbic acid 500 milligram/1 each conventional release oral tablet,329318007,tablets,Oral Tablet,421026006,2664306,Oral Route,,,
Medical Product,,Calcium Carbonate eq. elemental Calcium (A) with Vitamin D3(B) Tablet 500 mg(A) with 250IU(B),Medication,Product containing precisely calcium carbonate 500 milligram and colecalciferol 20 microgram/1 each conventional release oral tablet ,1303920005,tablets,Oral Tablet ,421026006,2664306,Oral Route,,,
Medical Product,,Cholecalciferol Tablet/Capsule 60000 IU,Medication,Product containing precisely cholecalciferol 60000 international unit/1 each conventional release oral tablet,5461000189101,tablets,Oral Tablet ,421026006,2664306,Oral Route,,,
Medical Product,,Cholecalciferol Oral Solution 400 IU/ml,Medication,Product containing precisely colecalciferol 10 microgram/1 milliliter conventional release oral solution,1197553008,milligram per milliliter,oral solution,385023001,2664306,Oral Route,,,
Medical Product,,Methylcobalamine Injection 1500 mcg,Medication,,,tablets,,,78421000,Intramuscular route,,,
Medical Product,,Multivitamin Injection (MVI),Medication,Multivitamin 10 milliliter/1 dose solution for injection,1709041000189106,milligram per milliliter,Solution for injection ,385219001,47625008,Intravenous route,,,
Medical Product,,Thiamine tablet 100 mg,Medication,Product containing precisely thiamine hydrochloride 100 milligram/1 each conventional release oral tablet,329266003,tablets,Oral Tablet ,421026006,2664306,Oral Route,,,
Medical Product,,Thiamine Injection 100 mg/ml,Medication,Product containing precisely thiamine 100 milligram/1 milliliter conventional release solution for injection,4861000189100,milligram per milliliter,Solution for injection ,385219001,"47625008, 78421000","Intravenous route, Intramuscular route",,,
Medical Product,,Vitamin A Oral Solution 100000 IU/ml,Medication,Product containing precisely vitamin A 100000 international unit/1 milliliter conventional release oral solution,5311000189109,milliliter,oral solution,385023001,2664306,Oral Route,,,
Medical Product,,"Vitamin B complex Tablet Vitamin B Complex NFI(Prophylactic B1-2mg ,B2-2mg .B6-0.5 mg Niacinamide  ,calciumpantothenate 1mg with appropriate overages with Vit C).",Medication,,,tablets,,,2664306,Oral Route,,,
Medical Product,,Vitamin E Capsule 400 mg,Medication,Product containing precisely alpha tocopherol acetate 400 unit/1 each conventional release oral capsule,329392007,capsules,oral capsule,420692007,2664306,Oral Route,,,
Medical Product,,Glycopyrrolate Injection 0.2 mg/ml,Medication,glycopyrronium bromide 200 microgram/1 milliliter conventional release solution for injection,781911006,milligram per milliliter,Solution for injection ,385219001,"47625008, 78421000","Intravenous route, Intramuscular route",,,
Medical Product,,Snake venom antiserum  Injection(Soluble/liquid polyvalent),Medication,,,milliliter,,,47625008,Intravenous route,,,
Medical Product,,Snake venom antiserum Powder for Injection(Lyophilized polyvalent),Medication,,,milligram,,,47625008,Intravenous route,,,
Medical Product,,Antacid Gel Composition: Each 10 ml contains-Dired Aluminum Hydroxide Gel IP 250 mg Magnesium  Hydroxide IP 250mg with Simethicone or without Simethicone as per IP.,Medication,,,milligram, oral solution,385023001,2664306,Oral Route,,,