title,description,type_collected_display,type_collected_code,type_collected_system,collection_display,collection_system,collection_code,patient_preparation_system,patient_preparation_code,patient_preparation_display,is_derived,single_use,preference,container_cap_display,container_cap_code,container_cap_system,container_minimumvolume,container_minimumvolume_unit_display,container_minimumvolume_unit_code,container_minimumvolume_unit_system,container_capacity_value,container_capacity_unit_display,container_capacity_unit_code,container_capacity_unit_system,retention_time_value,retention_time_unit_code,retention_time_unit_display,retention_time_unit_system,requirement,container_description,container_preparation,,,,,,,,,,,,,,,
Complete blood count,"A comprehensive blood test that measures red cells, white cells, haemoglobin levels, haematocrit, platelets, and related indices. It is used to assess overall health, detect anaemia, infection, inflammation, bleeding disorders, and to monitor various medical conditions.",Blood venous,BLDV,http://terminology.hl7.org/CodeSystem/v2-0487,Venipuncture for blood test,http://snomed.info/sct,28520004,,,,No,Yes,,Lavender (EDTA),lavender,http://terminology.hl7.org/CodeSystem/container-cap,2,millilitre,mL,http://unitsofmeasure.org,5,millilitre,mL,http://unitsofmeasure.org,24,h,hours,http://unitsofmeasure.org,Collect into EDTA anticoagulated tube; ensure proper mixing to avoid platelet clumping,Sample should be properly mixed to prevent clotting. Smear may be needed for morphology and manual differential if flagged by analyser.,Invert tube 8–10 times immediately after collection; avoid haemolysis and ensure correct fill volume,,,,,,,,,,,,,,,
Hemoglobin (Venipuncture),"Measures the haemoglobin concentration in blood to assess oxygen-carrying capacity and aid in evaluation of anaemia, bleeding disorders, nutritional deficiencies, or general health status.",Blood venous,BLDV,http://terminology.hl7.org/CodeSystem/v2-0487,Venipuncture for blood test,http://snomed.info/sct,28520004,,,,No,Yes,,Lavender (EDTA),lavender,http://terminology.hl7.org/CodeSystem/container-cap,2,millilitre,mL,http://unitsofmeasure.org,5,millilitre,mL,http://unitsofmeasure.org,24,h,hours,http://unitsofmeasure.org,Collect into EDTA anticoagulated tube.,Sample should be mixed gently to avoid clotting. Ensure tube is filled to the correct volume.,Invert tube 8–10 times immediately after collection; avoid haemolysis.,,,,,,,,,,,,,,,
Hemoglobin (Finger Prick),"Measures the haemoglobin concentration in blood to assess oxygen-carrying capacity and aid in evaluation of anaemia, bleeding disorders, nutritional deficiencies, or general health status.",Blood venous,BLDV,http://terminology.hl7.org/CodeSystem/v2-0487,Finger stick,http://snomed.info/sct,278450005,,,,No,Yes,,Lavender (EDTA),lavender,http://terminology.hl7.org/CodeSystem/container-cap,2,millilitre,mL,http://unitsofmeasure.org,5,millilitre,mL,http://unitsofmeasure.org,24,h,hours,http://unitsofmeasure.org,Collect into EDTA anticoagulated tube.,Haemoglobin testing through digital haemoglobinometer,Invert tube 8–10 times immediately after collection; avoid haemolysis.,,,,,,,,,,,,,,,
Total leucocyte count,"Measures the total number of white blood cells in blood to help evaluate infection, inflammation, immune status, and haematological disorders.",Blood venous,BLDV,http://terminology.hl7.org/CodeSystem/v2-0487,Venipuncture for blood test,http://snomed.info/sct,28520004,,,,No,Yes,,Lavender (EDTA),lavender,http://terminology.hl7.org/CodeSystem/container-cap,2,millilitre,mL,http://unitsofmeasure.org,5,millilitre,mL,http://unitsofmeasure.org,24,h,hours,http://unitsofmeasure.org,Collect into EDTA anticoagulated tube.,"Mix sample gently after collection. Avoid clots, as they can falsely lower the count.",Invert tube 8–10 times to ensure proper mixing; avoid haemolysis.,,,,,,,,,,,,,,,
Differential leucocyte count,"Analyses the percentage distribution of different types of white blood cells (neutrophils, lymphocytes, monocytes, eosinophils, basophils) to help diagnose infections, inflammatory conditions, allergic responses, and haematological disorders.",Blood venous,BLDV,http://terminology.hl7.org/CodeSystem/v2-0487,Venipuncture for blood test,http://snomed.info/sct,28520004,,,,No,Yes,,Lavender (EDTA),lavender,http://terminology.hl7.org/CodeSystem/container-cap,2,millilitre,mL,http://unitsofmeasure.org,5,millilitre,mL,http://unitsofmeasure.org,24,h,hours,http://unitsofmeasure.org,Collect in EDTA tube; prepare peripheral smear promptly for optimal morphology,Blood smear should be made soon after collection to prevent artefacts. Ensure no clots are present.,Invert tube 8–10 times to mix; avoid haemolysis. Prepare smear immediately if possible.,,,,,,,,,,,,,,,
Platelet count,"Measures the number of platelets in blood to assess bleeding risk, clotting disorders, bone marrow function, and to monitor conditions like thrombocytopenia or thrombocytosis.",Blood venous,BLDV,http://terminology.hl7.org/CodeSystem/v2-0487,Venipuncture for blood test,http://snomed.info/sct,28520004,,,,No,Yes,,Lavender (EDTA),lavender,http://terminology.hl7.org/CodeSystem/container-cap,2,millilitre,mL,http://unitsofmeasure.org,5,millilitre,mL,http://unitsofmeasure.org,24,h,hours,http://unitsofmeasure.org,Collect into EDTA anticoagulated tube; ensure proper mixing to avoid platelet clumping,"Check for clots or platelet aggregation. If clumping occurs, a repeat sample or citrate tube may be required.",Invert tube 8–10 times immediately after collection; avoid haemolysis,,,,,,,,,,,,,,,
Absolute eosinophil count,"Measures the total number of eosinophils in the blood. Helps evaluate allergic conditions, parasitic infections, drug reactions, autoimmune diseases, and disorders causing eosinophilia.",Blood venous,BLDV,http://terminology.hl7.org/CodeSystem/v2-0487,Venipuncture for blood test,http://snomed.info/sct,28520004,,,,No,Yes,,Lavender (EDTA),lavender,http://terminology.hl7.org/CodeSystem/container-cap,2,millilitre,mL,http://unitsofmeasure.org,5,millilitre,mL,http://unitsofmeasure.org,24,h,hours,http://unitsofmeasure.org,Collect in EDTA tube; ensure proper mixing to avoid clumping or inaccurate counts.,Automated analysers typically calculate AEC from WBC count and differential. Manual counting may be performed if flagged. Avoid haemolysed or clotted samples.,Invert tube 8–10 times after collection; avoid haemolysis,,,,,,,,,,,,,,,
Peripheral blood film,"A microscopic evaluation of a blood smear used to assess red cells, white cells, and platelets. Helps diagnose anaemias, infections, haemolytic disorders, blood cell morphology abnormalities, and supports interpretation of abnormal CBC results.",Blood venous,BLDV,http://terminology.hl7.org/CodeSystem/v2-0487,Venipuncture for blood test,http://snomed.info/sct,28520004,,,,No,Yes,,Lavender (EDTA),lavender,http://terminology.hl7.org/CodeSystem/container-cap,2,millilitre,mL,http://unitsofmeasure.org,5,millilitre,mL,http://unitsofmeasure.org,12,h,hours,http://unitsofmeasure.org,Collect sample in EDTA tube; prepare smear promptly to preserve cell morphology.,"Smear should be well-made with a feathered edge and stained appropriately (e.g., Leishman, Wright, or Giemsa stain). Avoid clotted or haemolysed samples. Delayed smear preparation may alter cell shapes and staining characteristics.",Invert tube 8–10 times; prepare smear immediately after collection when possible.,,,,,,,,,,,,,,,
Blood group (ABO),"Determines an individual’s ABO blood group and Rh (D) factor. This test is essential for safe blood transfusions, pregnancy care, medical procedures, and emergency treatment planning.",Blood venous,BLDV,http://terminology.hl7.org/CodeSystem/v2-0487,Venipuncture for blood test,http://snomed.info/sct,28520004,,,,No,Yes,,Lavender (EDTA),lavender,http://terminology.hl7.org/CodeSystem/container-cap,2,millilitre,mL,http://unitsofmeasure.org,5,millilitre,mL,http://unitsofmeasure.org,24,h,hours,http://unitsofmeasure.org,Collect in EDTA tube; proper labelling and patient identification are critical,"Sample must be clearly labelled to avoid mismatch errors. Testing includes forward and reverse grouping, along with Rh factor determination. Repeat testing may be required for transfusion verification.",Invert tube 8–10 times immediately after collection. Avoid haemolysis.,,,,,,,,,,,,,,,
Blood group (Rh typing),"Determines an individual’s ABO blood group and Rh (D) factor. This test is essential for safe blood transfusions, pregnancy care, medical procedures, and emergency treatment planning.",Blood venous,BLDV,http://terminology.hl7.org/CodeSystem/v2-0487,Venipuncture for blood test,http://snomed.info/sct,28520004,,,,No,Yes,,Lavender (EDTA),lavender,http://terminology.hl7.org/CodeSystem/container-cap,2,millilitre,mL,http://unitsofmeasure.org,5,millilitre,mL,http://unitsofmeasure.org,24,h,hours,http://unitsofmeasure.org,Collect in EDTA tube; proper labelling and patient identification are critical,"Sample must be clearly labelled to avoid mismatch errors. Testing includes forward and reverse grouping, along with Rh factor determination. Repeat testing may be required for transfusion verification.",Invert tube 8–10 times immediately after collection. Avoid haemolysis.,,,,,,,,,,,,,,,
Blood cross matching,Determines compatibility between donor blood and recipient blood before transfusion. This test helps prevent transfusion reactions by identifying any antigen–antibody incompatibilities.,Blood venous,BLDV,http://terminology.hl7.org/CodeSystem/v2-0487,Venipuncture for blood test,http://snomed.info/sct,28520004,,,,No,Yes,,Lavender (EDTA),lavender,http://terminology.hl7.org/CodeSystem/container-cap,2,millilitre,mL,http://unitsofmeasure.org,5,millilitre,mL,http://unitsofmeasure.org,24,h,hours,http://unitsofmeasure.org,Recipient sample collected in EDTA tube; donor segment/tube provided by blood bank. Mandatory proper labelling and matching documentation,"Crossmatch includes immediate spin, antibody screening, and antiglobulin phase testing as required. Ensures donor RBCs are compatible with recipient serum. Any mismatch must be flagged and reported immediately.",Invert tube 8–10 times after collection. Maintain proper temperature and avoid haemolysis. Ensure all identification details match the transfusion request.,,,,,,,,,,,,,,,
Bleeding time,"Assesses the time taken for bleeding to stop after a small standardized skin incision. Helps evaluate platelet function, vascular integrity, and screen for bleeding disorders.",Whole blood,BLD,http://terminology.hl7.org/CodeSystem/v2-0487,Finger stick,http://snomed.info/sct,278450005,,,,No,Yes,,,,http://terminology.hl7.org/CodeSystem/container-cap,Not,millilitre,mL,http://unitsofmeasure.org,Not,millilitre,mL,http://unitsofmeasure.org,0,h,hours,http://unitsofmeasure.org,Use standardized method with proper timing and filter paper.,Test should be performed under controlled conditions at room temperature. Avoid squeezing the finger excessively.,Ensure proper technique and timing accuracy.,,,,,,,,,,,,,,,
Clotting time,"Assesses the time taken for bleeding to stop after a small standardized skin incision. Helps evaluate platelet function, vascular integrity, and screen for bleeding disorders.",Whole blood,BLD,http://terminology.hl7.org/CodeSystem/v2-0487,Finger stick,http://snomed.info/sct,278450005,,,,No,Yes,,,,http://terminology.hl7.org/CodeSystem/container-cap,Not,millilitre,mL,http://unitsofmeasure.org,Not,millilitre,mL,http://unitsofmeasure.org,0,h,hours,http://unitsofmeasure.org,Use standardized method with proper timing and filter paper.,Test should be performed under controlled conditions at room temperature. Avoid squeezing the finger excessively.,Ensure proper technique and timing accuracy.,,,,,,,,,,,,,,,
Blood sugar-Finger prick,Ordered to measure the level of glucose in the blood to check for diabetes or monitor blood sugar control.,Whole blood,BLD,http://terminology.hl7.org/CodeSystem/v2-0487,Finger stick,http://snomed.info/sct,278450005,,,,No,Yes,,Grey cap (fluoride) ,grey,http://terminology.hl7.org/CodeSystem/container-cap,2,millilitre,mL,http://unitsofmeasure.org,5,millilitre,mL,http://unitsofmeasure.org,24,h,hours,http://unitsofmeasure.org,"Serum, plasma, or fluoride oxalate sample depending on method",Fluoride/oxalate tube or serum tube based on test type,"Collect, label, and process sample promptly to prevent glucose breakdown.",,,,,,,,,,,,,,,
Blood sugar-Venipuncture,Ordered to measure the level of glucose in the blood to check for diabetes or monitor blood sugar control.,Whole blood,BLD,http://terminology.hl7.org/CodeSystem/v2-0487,Venipuncture for blood test,http://snomed.info/sct,28520004,,,,No,Yes,,Grey cap (fluoride),grey,http://terminology.hl7.org/CodeSystem/container-cap,2,millilitre,mL,http://unitsofmeasure.org,5,millilitre,mL,http://unitsofmeasure.org,24,h,hours,http://unitsofmeasure.org,"Serum, plasma, or fluoride oxalate sample depending on method",Fluoride/oxalate tube or serum tube based on test type,"Collect, label, and process sample promptly to prevent glucose breakdown.",,,,,,,,,,,,,,,
Glucose Tolerance test (GTT),Ordered to assess how the body processes glucose and to help diagnose diabetes or gestational diabetes.,Blood venous,BLDV,http://terminology.hl7.org/CodeSystem/v2-0487,Venipuncture for blood test,http://snomed.info/sct,28520004,,,,No,Yes,,Grey cap,grey,http://terminology.hl7.org/CodeSystem/container-cap,2,millilitre,mL,http://unitsofmeasure.org,5,millilitre,mL,http://unitsofmeasure.org,24,h,hours,http://unitsofmeasure.org,Baseline fasting sample + samples collected after glucose load (usually 75g glucose),Fluoride/oxalate tube or serum tube depending on lab method,"Collect fasting sample, administer glucose drink, collect timed samples (e.g., 1-hour, 2-hour), process each tube promptly.",,,,,,,,,,,,,,,
S. Bilirubin (T),Ordered to measure total bilirubin levels to assess liver function and detect jaundice or liver disorders.,Blood venous,BLDV,http://terminology.hl7.org/CodeSystem/v2-0487,Venipuncture for blood test,http://snomed.info/sct,28520004,,,,No,Yes,,Red,red,http://terminology.hl7.org/CodeSystem/container-cap,2.5,millilitre,mL,http://unitsofmeasure.org,5,millilitre,mL,http://unitsofmeasure.org,24,h,hours,http://unitsofmeasure.org,Serum or plasma sample suitable for biochemical testing,Serum separation tube (SST) or plain red-top tube,"Collect blood, allow to clot if serum, centrifuge, and send for testing promptly.",,,,,,,,,,,,,,,
S. Bilirubin direct,Ordered to measure the direct (conjugated) bilirubin level to help evaluate liver function and bile duct obstruction.,Blood venous,BLDV,http://terminology.hl7.org/CodeSystem/v2-0487,Venipuncture for blood test,http://snomed.info/sct,28520004,,,,No,Yes,,Red,red,http://terminology.hl7.org/CodeSystem/container-cap,2.5,millilitre,mL,http://unitsofmeasure.org,5,millilitre,mL,http://unitsofmeasure.org,24,h,hours,http://unitsofmeasure.org,Serum or plasma suitable for bilirubin analysis,Serum separation tube (SST) or plain red-top tube,"Collect, allow to clot if serum, centrifuge promptly, protect sample from light.",,,,,,,,,,,,,,,
S. Bilirubin indirect,Ordered to measure the direct (conjugated) bilirubin level to help evaluate liver function and bile duct obstruction.,Blood venous,BLDV,http://terminology.hl7.org/CodeSystem/v2-0487,Venipuncture for blood test,http://snomed.info/sct,28520004,,,,No,Yes,,Red,red,http://terminology.hl7.org/CodeSystem/container-cap,2.5,millilitre,mL,http://unitsofmeasure.org,5,millilitre,mL,http://unitsofmeasure.org,24,h,hours,http://unitsofmeasure.org,Serum or plasma suitable for bilirubin analysis,Serum separation tube (SST) or plain red-top tube,"Collect, allow to clot if serum, centrifuge promptly, protect sample from light.",,,,,,,,,,,,,,,
Serum creatinine,Ordered to assess kidney function by measuring creatinine levels in the blood.,Blood venous,BLDV,http://terminology.hl7.org/CodeSystem/v2-0487,Venipuncture for blood test,http://snomed.info/sct,28520004,,,,No,Yes,,Red,red,http://terminology.hl7.org/CodeSystem/container-cap,2.5,millilitre,mL,http://unitsofmeasure.org,5,millilitre,mL,http://unitsofmeasure.org,48,h,hours,http://unitsofmeasure.org,Serum or plasma suitable for biochemical testing,Serum separation tube (SST) or plain red-top tube,"Collect blood, allow clotting if serum, centrifuge promptly, and send for testing.",,,,,,,,,,,,,,,
Blood Urea,Ordered to assess kidney function and evaluate how well the body removes waste products.,Blood venous,BLDV,http://terminology.hl7.org/CodeSystem/v2-0487,Venipuncture for blood test,http://snomed.info/sct,28520004,,,,No,Yes,,Red,red,http://terminology.hl7.org/CodeSystem/container-cap,2.5,millilitre,mL,http://unitsofmeasure.org,5,millilitre,mL,http://unitsofmeasure.org,48,h,hours,http://unitsofmeasure.org,Serum or plasma suitable for urea estimation,Serum separation tube (SST) or plain red-top tube,"Collect blood, allow to clot if serum, centrifuge promptly, and process as per lab protocol.",,,,,,,,,,,,,,,
SGPT,"Ordered to evaluate liver health by measuring ALT levels, which rise in liver injury or inflammation.",Blood venous,BLDV,http://terminology.hl7.org/CodeSystem/v2-0487,Venipuncture for blood test,http://snomed.info/sct,28520004,,,,No,Yes,,Red,red,http://terminology.hl7.org/CodeSystem/container-cap,2.5,millilitre,mL,http://unitsofmeasure.org,5,millilitre,mL,http://unitsofmeasure.org,48,h,hours,http://unitsofmeasure.org,Serum or plasma suitable for liver enzyme analysis,Serum separation tube (SST) or plain red-top tube,"Collect blood, allow to clot if serum, centrifuge promptly, and process as per lab protocol.",,,,,,,,,,,,,,,
SGOT,"Ordered to assess liver and muscle health, as AST levels increase in liver disease and muscle injury.",Blood venous,BLDV,http://terminology.hl7.org/CodeSystem/v2-0487,Venipuncture for blood test,http://snomed.info/sct,28520004,,,,No,Yes,,Red,red,http://terminology.hl7.org/CodeSystem/container-cap,2.5,millilitre,mL,http://unitsofmeasure.org,5,millilitre,mL,http://unitsofmeasure.org,48,h,hours,http://unitsofmeasure.org,Serum or plasma suitable for liver enzyme analysis,Serum separation tube (SST) or plain red-top tube,"Collect blood, allow to clot if serum, centrifuge promptly, and process as per lab protocol.",,,,,,,,,,,,,,,
S. Alkaline Phosphatase,"Ordered to assess liver and bone health, as ALP levels increase in liver disease and bone disorders.",Blood venous,BLDV,http://terminology.hl7.org/CodeSystem/v2-0487,Venipuncture for blood test,http://snomed.info/sct,28520004,,,,No,Yes,,Red,red,http://terminology.hl7.org/CodeSystem/container-cap,2.5,millilitre,mL,http://unitsofmeasure.org,5,millilitre,mL,http://unitsofmeasure.org,48,h,hours,http://unitsofmeasure.org,Serum or plasma suitable for liver enzyme analysis,Serum separation tube (SST) or plain red-top tube,"Collect blood, allow to clot if serum, centrifuge promptly, and process as per lab protocol.",,,,,,,,,,,,,,,
S. Total Protein,"Ordered to assess overall protein levels in the blood, helping evaluate liver function, kidney function, and nutritional status.",Blood venous,BLDV,http://terminology.hl7.org/CodeSystem/v2-0487,Venipuncture for blood test,http://snomed.info/sct,28520004,,,,No,Yes,,Red,red,http://terminology.hl7.org/CodeSystem/container-cap,2.5,millilitre,mL,http://unitsofmeasure.org,5,millilitre,mL,http://unitsofmeasure.org,48,h,hours,http://unitsofmeasure.org,Serum or plasma suitable for liver enzyme analysis,Serum separation tube (SST) or plain red-top tube,"Collect blood, allow to clot if serum, centrifuge promptly, and process as per lab protocol.",,,,,,,,,,,,,,,
S. Albumin,"Ordered to assess liver function, nutritional status, and protein balance in the body.Ordered to evaluate the balance between albumin and globulin levels, helping assess liver function, kidney disorders, and immune system health.",Blood venous,BLDV,http://terminology.hl7.org/CodeSystem/v2-0487,Venipuncture for blood test,http://snomed.info/sct,28520004,,,,No,Yes,,Red,red,http://terminology.hl7.org/CodeSystem/container-cap,2.5,millilitre,mL,http://unitsofmeasure.org,5,millilitre,mL,http://unitsofmeasure.org,48,h,hours,http://unitsofmeasure.org,Serum or plasma suitable for liver enzyme analysis,Serum separation tube (SST) or plain red-top tube,"Collect blood, allow to clot if serum, centrifuge promptly, and process as per lab protocol.",,,,,,,,,,,,,,,
AG ratio ,"Ordered to assess liver function, nutritional status, and protein balance in the body.Ordered to evaluate the balance between albumin and globulin levels, helping assess liver function, kidney disorders, and immune system health.",Blood venous,BLDV,http://terminology.hl7.org/CodeSystem/v2-0487,Venipuncture for blood test,http://snomed.info/sct,28520004,,,,No,Yes,,Red,red,http://terminology.hl7.org/CodeSystem/container-cap,2.5,millilitre,mL,http://unitsofmeasure.org,5,millilitre,mL,http://unitsofmeasure.org,48,h,hours,http://unitsofmeasure.org,Serum or plasma suitable for liver enzyme analysis,Serum separation tube (SST) or plain red-top tube,"Collect blood, allow to clot if serum, centrifuge promptly, and process as per lab protocol.",,,,,,,,,,,,,,,
S. Globulin,"Ordered to assess immune system proteins and evaluate liver function, nutritional status, or chronic inflammation.",Blood venous,BLDV,http://terminology.hl7.org/CodeSystem/v2-0487,Venipuncture for blood test,http://snomed.info/sct,28520004,,,,Yes,Yes,,Red,red,http://terminology.hl7.org/CodeSystem/container-cap,2.5,millilitre,mL,http://unitsofmeasure.org,5,millilitre,mL,http://unitsofmeasure.org,48,h,hours,http://unitsofmeasure.org,Serum or plasma suitable for liver enzyme analysis,Serum separation tube (SST) or plain red-top tube,"Collect blood, allow to clot if serum, centrifuge promptly, and process as per lab protocol.",,,,,,,,,,,,,,,
S. Total Cholesterol,Ordered to measure the total cholesterol level in the blood to assess heart disease risk and lipid metabolism.,Blood venous,BLDV,http://terminology.hl7.org/CodeSystem/v2-0487,Venipuncture for blood test,http://snomed.info/sct,28520004,,,,No,Yes,,Red,red,http://terminology.hl7.org/CodeSystem/container-cap,2.5,millilitre,mL,http://unitsofmeasure.org,5,millilitre,mL,http://unitsofmeasure.org,48,h,hours,http://unitsofmeasure.org,Serum or plasma suitable for liver enzyme analysis,Serum separation tube (SST) or plain red-top tube,"Collect blood, allow to clot if serum, centrifuge promptly, and process as per lab protocol.",,,,,,,,,,,,,,,
S. Triglycerides,Ordered to measure triglyceride levels to assess lipid metabolism and cardiovascular risk.,Blood venous,BLDV,http://terminology.hl7.org/CodeSystem/v2-0487,Venipuncture for blood test,http://snomed.info/sct,28520004,,,,No,Yes,,Red,red,http://terminology.hl7.org/CodeSystem/container-cap,2.5,millilitre,mL,http://unitsofmeasure.org,5,millilitre,mL,http://unitsofmeasure.org,48,h,hours,http://unitsofmeasure.org,Serum or plasma suitable for liver enzyme analysis,Serum separation tube (SST) or plain red-top tube,"Collect blood, allow to clot if serum, centrifuge promptly, and process as per lab protocol.",,,,,,,,,,,,,,,
S. VLDL,"Ordered to estimate Very Low-Density Lipoprotein levels, which help assess lipid metabolism and cardiovascular risk.",Blood venous,BLDV,http://terminology.hl7.org/CodeSystem/v2-0487,Venipuncture for blood test,http://snomed.info/sct,28520004,,,,No,Yes,,Red,red,http://terminology.hl7.org/CodeSystem/container-cap,2.5,millilitre,mL,http://unitsofmeasure.org,5,millilitre,mL,http://unitsofmeasure.org,48,h,hours,http://unitsofmeasure.org,Serum or plasma suitable for liver enzyme analysis,Serum separation tube (SST) or plain red-top tube,"Collect blood, allow to clot if serum, centrifuge promptly, and process as per lab protocol.",,,,,,,,,,,,,,,
S. HDL,Ordered to measure High-Density Lipoprotein (good cholesterol) levels to assess heart health and lipid balance.,Blood venous,BLDV,http://terminology.hl7.org/CodeSystem/v2-0487,Venipuncture for blood test,http://snomed.info/sct,28520004,,,,No,Yes,,Red,red,http://terminology.hl7.org/CodeSystem/container-cap,2.5,millilitre,mL,http://unitsofmeasure.org,5,millilitre,mL,http://unitsofmeasure.org,48,h,hours,http://unitsofmeasure.org,Serum or plasma suitable for liver enzyme analysis,Serum separation tube (SST) or plain red-top tube,"Collect blood, allow to clot if serum, centrifuge promptly, and process as per lab protocol.",,,,,,,,,,,,,,,
S. LDL,Ordered to measure Low-Density Lipoprotein (bad cholesterol) levels to assess cardiovascular risk.,Blood venous,BLDV,http://terminology.hl7.org/CodeSystem/v2-0487,Venipuncture for blood test,http://snomed.info/sct,28520004,,,,No,Yes,,Red,red,http://terminology.hl7.org/CodeSystem/container-cap,2.5,millilitre,mL,http://unitsofmeasure.org,5,millilitre,mL,http://unitsofmeasure.org,48,h,hours,http://unitsofmeasure.org,Serum or plasma suitable for liver enzyme analysis,Serum separation tube (SST) or plain red-top tube,"Collect blood, allow to clot if serum, centrifuge promptly, and process as per lab protocol.",,,,,,,,,,,,,,,
S. GGT,"Ordered to assess liver function, especially to detect bile duct problems and alcohol-related liver disease.",Blood venous,BLDV,http://terminology.hl7.org/CodeSystem/v2-0487,Venipuncture for blood test,http://snomed.info/sct,28520004,,,,No,Yes,,Red,red,http://terminology.hl7.org/CodeSystem/container-cap,2.5,millilitre,mL,http://unitsofmeasure.org,5,millilitre,mL,http://unitsofmeasure.org,48,h,hours,http://unitsofmeasure.org,Serum or plasma suitable for liver enzyme analysis,Serum separation tube (SST) or plain red-top tube,"Collect blood, allow to clot if serum, centrifuge promptly, and process as per lab protocol.",,,,,,,,,,,,,,,
S. Uric acid,"Ordered to measure uric acid levels to help diagnose gout, kidney stones, or monitor metabolic health.",Blood venous,BLDV,http://terminology.hl7.org/CodeSystem/v2-0487,Venipuncture for blood test,http://snomed.info/sct,28520004,,,,No,Yes,,Red,red,http://terminology.hl7.org/CodeSystem/container-cap,2.5,millilitre,mL,http://unitsofmeasure.org,5,millilitre,mL,http://unitsofmeasure.org,48,h,hours,http://unitsofmeasure.org,Serum or plasma suitable for liver enzyme analysis,Serum separation tube (SST) or plain red-top tube,"Collect blood, allow to clot if serum, centrifuge promptly, and process as per lab protocol.",,,,,,,,,,,,,,,
S. Amylase,Ordered to help diagnose pancreatitis and other conditions affecting the pancreas or salivary glands.,Blood venous,BLDV,http://terminology.hl7.org/CodeSystem/v2-0487,Venipuncture for blood test,http://snomed.info/sct,28520004,,,,No,Yes,,Red,red,http://terminology.hl7.org/CodeSystem/container-cap,2.5,millilitre,mL,http://unitsofmeasure.org,5,millilitre,mL,http://unitsofmeasure.org,48,h,hours,http://unitsofmeasure.org,Serum or plasma suitable for liver enzyme analysis,Serum separation tube (SST) or plain red-top tube,"Collect blood, allow to clot if serum, centrifuge promptly, and process as per lab protocol.",,,,,,,,,,,,,,,
S. Calcium,"Ordered to measure calcium levels to assess bone health, parathyroid function, kidney function, and metabolic disorders.",Blood venous,BLDV,http://terminology.hl7.org/CodeSystem/v2-0487,Venipuncture for blood test,http://snomed.info/sct,28520004,,,,No,Yes,,Red,red,http://terminology.hl7.org/CodeSystem/container-cap,2.5,millilitre,mL,http://unitsofmeasure.org,5,millilitre,mL,http://unitsofmeasure.org,48,h,hours,http://unitsofmeasure.org,Serum or plasma suitable for liver enzyme analysis,Serum separation tube (SST) or plain red-top tube,"Collect blood, allow to clot if serum, centrifuge promptly, and process as per lab protocol.",,,,,,,,,,,,,,,
S. LDH,"Ordered to measure lactate dehydrogenase levels, which may increase with tissue damage, liver disease, anemia, infections, or certain cancers.",Blood venous,BLDV,http://terminology.hl7.org/CodeSystem/v2-0487,Venipuncture for blood test,http://snomed.info/sct,28520004,,,,No,Yes,,Red,red,http://terminology.hl7.org/CodeSystem/container-cap,2.5,millilitre,mL,http://unitsofmeasure.org,5,millilitre,mL,http://unitsofmeasure.org,48,h,hours,http://unitsofmeasure.org,Serum or plasma suitable for liver enzyme analysis,Serum separation tube (SST) or plain red-top tube,"Collect blood, allow to clot if serum, centrifuge promptly, and process as per lab protocol.",,,,,,,,,,,,,,,
S.Magnesium,"Ordered to measure magnesium levels to assess nerve and muscle function, electrolyte balance, and kidney health.",Blood venous,BLDV,http://terminology.hl7.org/CodeSystem/v2-0487,Venipuncture for blood test,http://snomed.info/sct,28520004,,,,No,Yes,,Red,red,http://terminology.hl7.org/CodeSystem/container-cap,2.5,millilitre,mL,http://unitsofmeasure.org,5,millilitre,mL,http://unitsofmeasure.org,24,h,hours,http://unitsofmeasure.org,Serum or plasma suitable for liver enzyme analysis,Serum separation tube (SST) or plain red-top tube,"Collect blood, allow to clot if serum, centrifuge promptly, and process as per lab protocol.",,,,,,,,,,,,,,,
Hepatitis B surface antigen test,Ordered to check if a person currently has a Hepatitis B infection or has recently been exposed.,Blood venous,BLDV,http://terminology.hl7.org/CodeSystem/v2-0487,Venipuncture for blood test,http://snomed.info/sct,28520004,,,,No,Yes,,Red,red,http://terminology.hl7.org/CodeSystem/container-cap,2.5,millilitre,mL,http://unitsofmeasure.org,5,millilitre,mL,http://unitsofmeasure.org,24,h,hours,http://unitsofmeasure.org,Serum or plasma from a properly collected blood sample,Blood collection tube for serology testing,"Collect, label, allow to clot (if serum), and send to lab as per protocol.",,,,,,,,,,,,,,,
Test for Dengue,Used to detect dengue virus infection either by identifying the NS1 antigen or by measuring dengue-specific antibodies.,Blood venous,BLDV,http://terminology.hl7.org/CodeSystem/v2-0487,Venipuncture for blood test,http://snomed.info/sct,28520004,,,,No,Yes,,Red,red,http://terminology.hl7.org/CodeSystem/container-cap,2.5,millilitre,mL,http://unitsofmeasure.org,5,millilitre,mL,http://unitsofmeasure.org,24,h,hours,http://unitsofmeasure.org,Serum sample collected in a plain or serum separator tube.,A blood sample used to detect dengue infection through NS1 antigen or dengue IgM/IgG antibodies.,"Collect blood, allow to clot, centrifuge, and separate serum promptly.",,,,,,,,,,,,,,,
RPR/VDRL test for syphilis,Used to screen for syphilis infection by detecting non-treponemal antibodies in the blood.,Blood venous,BLDV,http://terminology.hl7.org/CodeSystem/v2-0487,Venipuncture for blood test,http://snomed.info/sct,28520004,,,,No,Yes,,Red,red,http://terminology.hl7.org/CodeSystem/container-cap,2.5,millilitre,mL,http://unitsofmeasure.org,5,millilitre,mL,http://unitsofmeasure.org,72,h,hours,http://unitsofmeasure.org,Serum sample collected in a plain or serum separator tube.,A serum sample tested for non-treponemal antibodies associated with syphilis infection.,"Collect blood, allow to clot, centrifuge, and separate serum promptly.",,,,,,,,,,,,,,,
RA factor (Quantitative),Helps assess rheumatoid arthritis by measuring the level of rheumatoid factor in the blood.,Blood venous,BLDV,http://terminology.hl7.org/CodeSystem/v2-0487,Venipuncture for blood test,http://snomed.info/sct,28520004,,,,No,Yes,,Red,red,http://terminology.hl7.org/CodeSystem/container-cap,2.5,millilitre,mL,http://unitsofmeasure.org,5,millilitre,mL,http://unitsofmeasure.org,2,h,hours,http://unitsofmeasure.org,Collect blood and separate serum promptly.,Serum separation tube used for immunological assays.,"Allow the sample to clot, centrifuge, and separate serum.",,,,,,,,,,,,,,,
CRP(including new born) (Quantitative),"Measures C-reactive protein levels to help detect inflammation or infection, including in newborns.",Blood venous,BLDV,http://terminology.hl7.org/CodeSystem/v2-0487,Venipuncture for blood test,http://snomed.info/sct,28520004,,,,No,Yes,,Red,red,http://terminology.hl7.org/CodeSystem/container-cap,2.5,millilitre,mL,http://unitsofmeasure.org,5,millilitre,mL,http://unitsofmeasure.org,2,h,hours,http://unitsofmeasure.org,Collect blood and separate serum promptly.,Serum or plasma tube suitable for inflammatory marker testing.,"Allow serum sample to clot if applicable, then centrifuge and separate.",,,,,,,,,,,,,,,
Urine culture- Mid stream urine collection,Used to detect and identify bacteria causing urinary tract infections and guide appropriate antibiotic treatment.,"Urine, Midstream",URINM,http://terminology.hl7.org/CodeSystem/v2-0487,Collection of mid-stream specimen of urine,http://snomed.info/sct,225271002,,,,No,Yes,,Red,red,http://terminology.hl7.org/CodeSystem/container-cap,10,millilitre,mL,http://unitsofmeasure.org,60,millilitre,mL,http://unitsofmeasure.org,24,h,hours,http://unitsofmeasure.org,Collect sufficient urine in a sterile container; avoid contamination.,"Sterile, wide-mouth urine culture container.",Collect fresh midstream urine; close cap tightly; transport to lab promptly for culture.,,,,,,,,,,,,,,,
Urinalysis complete panel,"Used to screen for kidney issues, urinary infections, metabolic disorders, and general health status.","Urine, Midstream",URINM,http://terminology.hl7.org/CodeSystem/v2-0487,Collection of mid-stream specimen of urine,http://snomed.info/sct,225271002,,,,No,Yes,,Urine container,red,http://terminology.hl7.org/CodeSystem/container-cap,10,millilitre,mL,http://unitsofmeasure.org,60,millilitre,mL,http://unitsofmeasure.org,4,h,hours,http://unitsofmeasure.org,Fresh urine sample collected in a sterile container.,A freshly collected midstream urine sample used for dipstick chemical analysis.,Ensure clean-catch midstream urine; avoid contamination and delay in testing.,,,,,,,,,,,,,,,
Urine Microscopy,"Helps detect cells, crystals, casts, and organisms in urine to assess infections, kidney conditions, and urinary tract disorders.","Urine, Midstream",URINM,http://terminology.hl7.org/CodeSystem/v2-0487,Collection of mid-stream specimen of urine,http://snomed.info/sct,225271002,,,,No,Yes,,Not applicable (Urine container),red,http://terminology.hl7.org/CodeSystem/container-cap,10,millilitre,mL,http://unitsofmeasure.org,60,millilitre,mL,http://unitsofmeasure.org,4,h,hours,http://unitsofmeasure.org,Fresh urine sample collected in a sterile container; avoid delays to prevent cell lysis.,"Fresh midstream urine sample used for microscopic evaluation of cells, casts, crystals, and microorganisms.",Collect clean-catch midstream urine; sample should be examined promptly for best accuracy.,,,,,,,,,,,,,,,
Stool for ova and cyst,Used to detect intestinal parasites by identifying their eggs and cysts in stool.,Stool = Fecal,STL,http://terminology.hl7.org/CodeSystem/v2-0487,Collection of stool specimen,http://snomed.info/sct,225105004,,,,No,Yes,,Screw-cap stool collection container,red,http://terminology.hl7.org/CodeSystem/container-cap,Adequate to moisten swab,millilitre,mL,http://unitsofmeasure.org,50,millilitre,mL,http://unitsofmeasure.org,24,h,hours,http://unitsofmeasure.org,Fresh stool sample; avoid contamination with urine or water.,"A fresh stool sample is examined microscopically to detect parasitic ova, cysts, and trophozoites.","Collect stool in a clean, dry container; avoid mixing with toilet water; transport promptly for accurate detection.",,,,,,,,,,,,,,,
Stool for Occult Blood,"Used to detect hidden (occult) blood in stool, which may indicate gastrointestinal bleeding or disorders.",Stool = Fecal,STL,http://terminology.hl7.org/CodeSystem/v2-0487,Collection of stool specimen,http://snomed.info/sct,225105004,,,,No,Yes,,Screw-cap stool collection container,red,http://terminology.hl7.org/CodeSystem/container-cap,5,millilitre,mL,http://unitsofmeasure.org,60,millilitre,mL,http://unitsofmeasure.org,24,h,hours,http://unitsofmeasure.org,Fresh stool specimen free of urine or water contamination.,A stool sample analyzed using chemical or immunochemical methods to detect small amounts of hidden blood.,"Collect stool in a clean, dry container; avoid mixing with toilet water; deliver to lab promptly.",,,,,,,,,,,,,,,
Stool for hanging drop for Vibrio Cholera,Ordered to rapidly detect motile Vibrio cholerae organisms in suspected cholera cases.,Stool = Fecal,STL,http://terminology.hl7.org/CodeSystem/v2-0487,Collection of stool specimen,http://snomed.info/sct,225105004,,,,No,Yes,,Screw-cap,red,http://terminology.hl7.org/CodeSystem/container-cap,5,millilitre,mL,http://unitsofmeasure.org,NA,millilitre,mL,http://unitsofmeasure.org,0,h,hours,http://unitsofmeasure.org,"Fresh, unpreserved stool specimen (preferably watery stool)",Sterile wide-mouth stool container,"Collect fresh stool, transfer a drop onto a slide with saline, prepare hanging drop, and examine immediately for motile vibrios",,,,,,,,,,,,,,,
Culture for Diptheria,Used to detect Corynebacterium diphtheriae from throat or nasal samples to confirm diphtheria infection.,"Secretion, Nasal",NSECR,http://terminology.hl7.org/CodeSystem/v2-0487,Taking nasal swab,http://snomed.info/sct,312882009,,,,No,Yes,,Swab tube cap (varies by manufacturer),,http://terminology.hl7.org/CodeSystem/container-cap,NA,millilitre,mL,http://unitsofmeasure.org,NA,millilitre,mL,http://unitsofmeasure.org,24,h,hours,http://unitsofmeasure.org,"Collect swabs aseptically; place in specialized transport medium (e.g., Loeffler’s serum medium if available)",Sterile swab with transport medium suitable for C. diphtheriae,Collect sample before starting antibiotics; send to laboratory immediately to maintain organism viability.,,,,,,,,,,,,,,,
Throat swab for Diphtheria,Ordered to detect Corynebacterium diphtheriae in suspected cases of diphtheria through microscopy and culture.,Brushing,BRUS,http://terminology.hl7.org/CodeSystem/v2-0487,Taking throat swab,http://snomed.info/sct,312880001,,,,No,Yes,,Plastic screw-cap or transport cap,,http://terminology.hl7.org/CodeSystem/container-cap,NA,millilitre,mL,http://unitsofmeasure.org,NA,millilitre,mL,http://unitsofmeasure.org,24,h,hours,http://unitsofmeasure.org,"Swab placed in appropriate transport medium (e.g., Amies/Stuarts) and processed quickly",Sterile swab with transport medium tube,"Collect swab from throat/tonsillar region or membrane area, place in transport medium, label, and send immediately for staining and culture.",,,,,,,,,,,,,,,
AFB examination -sputum,Ordered to check for tuberculosis or other acid-fast bacterial infections.,Sputum,SPT,http://terminology.hl7.org/CodeSystem/v2-0487,Collection of sputum,http://snomed.info/sct,37705003,,,,No,Yes,,Screw-cap,red,http://terminology.hl7.org/CodeSystem/container-cap,NA,millilitre,mL,http://unitsofmeasure.org,NA,millilitre,mL,http://unitsofmeasure.org,24,h,hours,http://unitsofmeasure.org,"Fresh sample collected in a sterile, leak-proof container",Sterile container for sputum or pus; sterile swab if required,"Collect in sterile container, label, and send immediately to the lab for AFB smear/culture.",,,,,,,,,,,,,,,
AFB examination- pus ,Ordered to check for tuberculosis or other acid-fast bacterial infections.,Sputum,SPT,http://terminology.hl7.org/CodeSystem/v2-0487,Swab,http://snomed.info/sct,257261003,,,,No,Yes,,Screw-cap,red,http://terminology.hl7.org/CodeSystem/container-cap,NA,millilitre,mL,http://unitsofmeasure.org,NA,millilitre,mL,http://unitsofmeasure.org,24,h,hours,http://unitsofmeasure.org,"Fresh sample collected in a sterile, leak-proof container",Sterile container for sputum or pus; sterile swab if required,"Collect in sterile container, label, and send immediately to the lab for AFB smear/culture.",,,,,,,,,,,,,,,
AFB examination - body fluid,Ordered to check for tuberculosis or other acid-fast bacterial infections.,Sputum,SPT,http://terminology.hl7.org/CodeSystem/v2-0487,Aspiration,http://snomed.info/sct,14766002,,,,No,Yes,,Screw-cap,red,http://terminology.hl7.org/CodeSystem/container-cap,NA,millilitre,mL,http://unitsofmeasure.org,NA,millilitre,mL,http://unitsofmeasure.org,24,h,hours,http://unitsofmeasure.org,"Fresh sample collected in a sterile, leak-proof container",Sterile container for sputum or pus; sterile swab if required,"Collect in sterile container, label, and send immediately to the lab for AFB smear/culture.",,,,,,,,,,,,,,,
Blood culture,Used to detect bacteria or fungi in the bloodstream to diagnose bloodstream infections and guide appropriate antimicrobial therapy.,Blood venous,BLDV,http://terminology.hl7.org/CodeSystem/v2-0487,Venipuncture for blood test,http://snomed.info/sct,28520004,,,,No,Yes,,,,http://terminology.hl7.org/CodeSystem/container-cap,5,millilitre,mL,http://unitsofmeasure.org,10,millilitre,mL,http://unitsofmeasure.org,0,h,hours,http://unitsofmeasure.org,"Collect appropriate volume:

Adults: 8–10 mL per bottle

Pediatrics: 1–3 mL",Blood culture bottles with growth media (aerobic/anaerobic).,Disinfect venipuncture site thoroughly; collect required volume; invert gently; send to lab immediately for incubation.,,,,,,,,,,,,,,,
Visual Inspection Acetic Acid (VIA),Ordered to screen for early cervical abnormalities by applying acetic acid and visually inspecting the cervix.,Invalid,,http://terminology.hl7.org/CodeSystem/v2-0487,Acetic acid test,http://snomed.info/sct,252689003,,,,No,Yes,,,,http://terminology.hl7.org/CodeSystem/container-cap,NA,millilitre,mL,http://unitsofmeasure.org,NA,millilitre,mL,http://unitsofmeasure.org,0,h,hours,http://unitsofmeasure.org,Direct visualization of cervix after acetic acid application,Not applicable,"Expose cervix using speculum, apply acetic acid, wait 1 minute, inspect for acetowhite changes, and document findings.",,,,,,,,,,,,,,,
Cervix and vaginal cytology,"Used to examine cells from body fluids or tissues to help detect infections, inflammation, or abnormal/malignant cells.",Other,ORH,http://terminology.hl7.org/CodeSystem/v2-0487,Cytology examination - general,http://snomed.info/sct,168440009,,,,No,Yes,,,,http://terminology.hl7.org/CodeSystem/container-cap,NA,millilitre,mL,http://unitsofmeasure.org,NA,millilitre,mL,http://unitsofmeasure.org,10,h,hours,http://unitsofmeasure.org,Collect adequate sample and fix immediately as required.,Cytology container or slide with fixative appropriate for sample type.,Fix sample immediately; label slides/containers properly and send to lab promptly.,,,,,,,,,,,,,,,
Pap smear,"Used to screen for cervical cell abnormalities, precancerous changes, and cervical cancer.",Cervical Mucus,CVM,http://terminology.hl7.org/CodeSystem/v2-0487,"Cytopathology procedure, preparation of smear, genital source",http://snomed.info/sct,90226004,,,,No,Yes,,,,http://terminology.hl7.org/CodeSystem/container-cap,NA,millilitre,mL,http://unitsofmeasure.org,NA,millilitre,mL,http://unitsofmeasure.org,5,h,hours,http://unitsofmeasure.org,Collect sufficient cervical cells; fix smear immediately.,Glass slide or liquid-based cytology vial with fixative.,Spread sample evenly on slide and fix immediately OR transfer brush into LBC vial.,,,,,,,,,,,,,,,
TB – Mantoux,Ordered to check for exposure to Mycobacterium tuberculosis by assessing the skin’s reaction to tuberculin.,Invalid,,http://terminology.hl7.org/CodeSystem/v2-0487,Intradermal injection,http://snomed.info/sct,36673005,,,,No,Yes,,,,http://terminology.hl7.org/CodeSystem/container-cap,NA,millilitre,mL,http://unitsofmeasure.org,NA,millilitre,mL,http://unitsofmeasure.org,0,h,hours,http://unitsofmeasure.org,Proper intradermal administration and follow-up reading,PPD vial and tuberculin syringe (0.1 mL),"Inject PPD intradermally on the forearm, creating a wheal; instruct patient to return in 48–72 hours for induration measurement",,,,,,,,,,,,,,,
" Malaria-MP slide method- Finger Prick
 ","Used to detect malaria parasites (Plasmodium species) in blood by microscopic examination of thick and thin smears. Helps diagnose malaria infection, determine parasite density, and identify species.",Whole blood,BLD,http://terminology.hl7.org/CodeSystem/v2-0487,Finger stick,http://snomed.info/sct,278450005,,,,No,Yes,,,,http://terminology.hl7.org/CodeSystem/container-cap,NA,millilitre,mL,http://unitsofmeasure.org,NA,millilitre,mL,http://unitsofmeasure.org,0,h,hours,http://unitsofmeasure.org,Prepare thick and thin blood smears promptly.,Thick smear enhances parasite detection; thin smear helps identify Plasmodium species. Smears are stained typically with Giemsa stain. Delay in smear preparation can alter morphology.,Prepare smears immediately; avoid haemolysis. Allow smears to air-dry before staining.,,,,,,,,,,,,,,,
" Malaria-MP slide method- Venipuncture
 ","Used to detect malaria parasites (Plasmodium species) in blood by microscopic examination of thick and thin smears. Helps diagnose malaria infection, determine parasite density, and identify species.",Blood venous,BLDV,http://terminology.hl7.org/CodeSystem/v2-0487,Venipuncture for blood test,http://snomed.info/sct,28520004,,,,No,Yes,, Lavender (EDTA) ,lavender,http://terminology.hl7.org/CodeSystem/container-cap,2,millilitre,mL,http://unitsofmeasure.org,5,millilitre,mL,http://unitsofmeasure.org,0,h,hours,http://unitsofmeasure.org,Prepare thick and thin blood smears promptly.,Thick smear enhances parasite detection; thin smear helps identify Plasmodium species. Smears are stained typically with Giemsa stain. Delay in smear preparation can alter morphology.,Prepare smears immediately; avoid haemolysis. Allow smears to air-dry before staining.,,,,,,,,,,,,,,,
Malaria rapid test,"A rapid blood test that detects malarial antigens for quick diagnosis of malaria, especially where microscopy is not immediately available.",Whole blood,BLD,http://terminology.hl7.org/CodeSystem/v2-0487,Finger stick,http://snomed.info/sct,278450005,,,,No,Yes,, ,,http://terminology.hl7.org/CodeSystem/container-cap,NA,millilitre,mL,http://unitsofmeasure.org,NA,millilitre,mL,http://unitsofmeasure.org,0,h,hours,http://unitsofmeasure.org,Detects Plasmodium antigens (PF/PV) in blood for quick diagnosis of malaria.,Detects Plasmodium antigens in blood using a simple antibody-based strip test for quick diagnosis.,Prepare smears immediately; avoid haemolysis. Allow smears to air-dry before staining.,,,,,,,,,,,,,,,
Human chorionic gonadotropin (HCG) (Urine test for pregnancy),Used to detect early pregnancy by identifying HCG hormone in urine.,"Urine, Midstream",URINM,http://terminology.hl7.org/CodeSystem/v2-0487,Spot urine procedure,http://snomed.info/sct,386099003,,,,No,Yes,,Red,red,http://terminology.hl7.org/CodeSystem/container-cap,10,millilitre,mL,http://unitsofmeasure.org,60,millilitre,mL,http://unitsofmeasure.org,24,h,hours,http://unitsofmeasure.org,Clean container with freshly collected urine sample.,A fresh midstream urine sample used to qualitatively detect HCG levels.,Ensure clean-catch midstream sample; avoid contamination.,,,,,,,,,,,,,,,
Coombs test direct with titre,"Detects antibodies or complement components attached to a patient’s red blood cells. Helps diagnose autoimmune haemolytic anaemia, haemolytic disease of the newborn, transfusion reactions, and drug-induced haemolysis. A titre is performed to quantify the strength of the reaction.",Blood venous,BLDV,http://terminology.hl7.org/CodeSystem/v2-0487,Venipuncture for blood test,http://snomed.info/sct,28520004,,,,No,Yes,,Lavender (EDTA),lavender,http://terminology.hl7.org/CodeSystem/container-cap,2,millilitre,mL,http://unitsofmeasure.org,5,millilitre,mL,http://unitsofmeasure.org,48,h,hours,http://unitsofmeasure.org,Collect in EDTA tube; avoid haemolysis. Accurate patient identification is essential.,"Red cells are washed and tested with antihuman globulin to detect antibody attachment. If positive, serial dilutions are performed to determine antibody titre. Clotted samples or incorrect anticoagulant may give false results.",Invert tube 8–10 times to mix; ensure sample integrity. Prompt processing is preferred for reliable results.,,,,,,,,,,,,,,,
Coombs test indirect with titre,"Detects free circulating antibodies in a patient’s serum that may react with red blood cells. Commonly used in antenatal screening, pre-transfusion testing, and in evaluating alloimmunisation. When positive, a titre determines the strength and clinical significance of the detected antibodies.",Blood venous,BLDV,http://terminology.hl7.org/CodeSystem/v2-0487,Venipuncture for blood test,http://snomed.info/sct,28520004,,,,No,Yes,,Red,red,http://terminology.hl7.org/CodeSystem/container-cap,2,millilitre,mL,http://unitsofmeasure.org,5,millilitre,mL,http://unitsofmeasure.org,7,h,hours,http://unitsofmeasure.org,Collect sample in a plain red-top tube for serum or EDTA tube if plasma is required. Avoid haemolysis. Proper patient identification is essential.,"Patient serum/plasma is incubated with reagent red blood cells followed by antihuman globulin to detect agglutination. If positive, serial dilutions are performed to determine the antibody titre. Incorrect sample type or haemolysis may interfere with results.","Allow serum sample to clot fully if using red-top tube; centrifuge to separate serum. In EDTA tubes, invert gently 8–10 times to mix.",,,,,,,,,,,,,,,
Prothrombin Time (PT) and INR,"Measures the time taken for plasma to clot via the extrinsic and common coagulation pathways. Used to evaluate bleeding/clotting disorders, monitor warfarin therapy, assess liver function, and detect vitamin K deficiency. INR standardizes PT results across laboratories.",Blood venous,BLDV,http://terminology.hl7.org/CodeSystem/v2-0487,Venipuncture for blood test,http://snomed.info/sct,28520004,,,,Yes,Yes,,Light Blue (Sodium Citrate),light-blue,http://terminology.hl7.org/CodeSystem/container-cap,2.7,millilitre,mL,http://unitsofmeasure.org,3,millilitre,mL,http://unitsofmeasure.org,4,h,hours,http://unitsofmeasure.org,Collect in 3.2% sodium citrate tube with proper filling (correct blood-to-anticoagulant ratio).,"Sample must be centrifuged promptly to obtain platelet-poor plasma. Clotted, haemolysed, or underfilled tubes can produce inaccurate PT/INR results. INR is calculated using PT value and ISI (International Sensitivity Index).",Invert tube 3–4 times to mix anticoagulant. Process plasma quickly to avoid deterioration of clotting factors.,,,,,,,,,,,,,,,
Activated partial thromboplastin time,"Measures the time taken for plasma to clot via the intrinsic and common coagulation pathways. Used to evaluate bleeding disorders, monitor unfractionated heparin therapy, and assess deficiencies or inhibitors of clotting factors.",Blood venous,BLDV,http://terminology.hl7.org/CodeSystem/v2-0487,Venipuncture for blood test,http://snomed.info/sct,28520004,,,,No,Yes,,Light Blue (Sodium Citrate),light-blue,http://terminology.hl7.org/CodeSystem/container-cap,2.7,millilitre,mL,http://unitsofmeasure.org,3,millilitre,mL,http://unitsofmeasure.org,4,h,hours,http://unitsofmeasure.org,Collect in 3.2% sodium citrate tube with correct blood-to-anticoagulant ratio.,"Sample must be centrifuged to obtain platelet-poor plasma. Clotted, underfilled, or haemolysed samples can affect results. aPTT is sensitive to factor VIII, IX, XI, XII deficiencies and presence of inhibitors like lupus anticoagulant.",Invert tube 3–4 times to mix anticoagulant. Process and test plasma promptly.,,,,,,,,,,,,,,,
HIV test (Antibodies 1 and 2) ,Used to screen for HIV-1 and HIV-2 infection by detecting specific antibodies in the blood.,Blood venous,BLDV,http://terminology.hl7.org/CodeSystem/v2-0487,Venipuncture for blood test,http://snomed.info/sct,28520004,,,,No,Yes,,Red,red,http://terminology.hl7.org/CodeSystem/container-cap,2.5,millilitre,mL,http://unitsofmeasure.org,5,millilitre,mL,http://unitsofmeasure.org,7,h,hours,http://unitsofmeasure.org,"Serum or plasma sample collected in plain, SST, or EDTA tube depending on method.",A blood sample analyzed to detect antibodies to HIV-1 and HIV-2.,Collect sample and process as per lab standard method; avoid hemolysis.,,,,,,,,,,,,,,,
IgM antibody to hepatitis B core antigen (IgM anti-HBc),Ordered to detect a recent or acute Hepatitis B infection.,Blood venous,BLDV,http://terminology.hl7.org/CodeSystem/v2-0487,Venipuncture for blood test,http://snomed.info/sct,28520004,,,,No,Yes,,Red,red,http://terminology.hl7.org/CodeSystem/container-cap,2.5,millilitre,mL,http://unitsofmeasure.org,5,millilitre,mL,http://unitsofmeasure.org,7,h,hours,http://unitsofmeasure.org,Serum or plasma suitable for immunoassay testing,Serology blood collection tube,"Collect blood, allow to clot if serum, separate sample, and send to lab per routine protocol.",,,,,,,,,,,,,,,
HCV Antibody Test (Anti HCV),Ordered to check if a person has been exposed to the Hepatitis C virus.,Blood venous,BLDV,http://terminology.hl7.org/CodeSystem/v2-0487,Venipuncture for blood test,http://snomed.info/sct,28520004,,,,No,Yes,,Red,red,http://terminology.hl7.org/CodeSystem/container-cap,2.5,millilitre,mL,http://unitsofmeasure.org,5,millilitre,mL,http://unitsofmeasure.org,7,h,hours,http://unitsofmeasure.org,Serum or plasma suitable for immunoassay testing,Serology blood collection tube,Collect and label sample; allow clotting if serum; process and send for testing as per lab protocol.,,,,,,,,,,,,,,,
Typhoid test (IgM)- venipuncture,Ordered to detect recent infection with Salmonella typhi.,Blood venous,BLDV,http://terminology.hl7.org/CodeSystem/v2-0487,Venipuncture for blood test,http://snomed.info/sct,28520004,,,,No,Yes,,Red,red,http://terminology.hl7.org/CodeSystem/container-cap,2.5,millilitre,mL,http://unitsofmeasure.org,5,millilitre,mL,http://unitsofmeasure.org,5,h,hours,http://unitsofmeasure.org,Serum or plasma suitable for immunoassay,Serology blood collection tube,Collect and label sample; allow clotting if serum; process as per routine lab guidelines.,,,,,,,,,,,,,,,
Typhoid test (IgM)- Finger prick,Ordered to detect recent infection with Salmonella typhi.,Whole blood,BLD,http://terminology.hl7.org/CodeSystem/v2-0487,Finger stick,http://snomed.info/sct,278450005,,,,No,Yes,,Red,,http://terminology.hl7.org/CodeSystem/container-cap,NA,millilitre,mL,http://unitsofmeasure.org,NA,millilitre,mL,http://unitsofmeasure.org,0,h,hours,http://unitsofmeasure.org,"Requires one drop of fresh capillary blood, tested immediately using a rapid immunoassay.",Capillary blood collection device (lancet) and a microtube or test-specific strip/cassette for immediate testing.,"Ensure the patient’s finger is clean and dry, and the lancet and collection device are sterile and ready.",,,,,,,,,,,,,,,
S. Iron,"Ordered to measure iron levels in the blood to assess iron deficiency, anemia, or iron overload.",Blood venous,BLDV,http://terminology.hl7.org/CodeSystem/v2-0487,Venipuncture for blood test,http://snomed.info/sct,28520004,,,,No,Yes,,Red,red,http://terminology.hl7.org/CodeSystem/container-cap,2.5,millilitre,mL,http://unitsofmeasure.org,5,millilitre,mL,http://unitsofmeasure.org,48,h,hours,http://unitsofmeasure.org,Serum or plasma suitable for liver enzyme analysis,Serum separation tube (SST) or plain red-top tube,"Collect blood, allow to clot if serum, centrifuge promptly, and process as per lab protocol.",,,,,,,,,,,,,,,
Glycosylated haemoglobin (HbA1C),"Ordered to assess long-term blood sugar control over the past 2–3 months, mainly for diagnosing and monitoring diabetes.",Blood venous,BLDV,http://terminology.hl7.org/CodeSystem/v2-0487,Venipuncture for blood test,http://snomed.info/sct,28520004,,,,No,Yes,,Red,red,http://terminology.hl7.org/CodeSystem/container-cap,2.5,millilitre,mL,http://unitsofmeasure.org,5,millilitre,mL,http://unitsofmeasure.org,7,h,hours,http://unitsofmeasure.org,Serum or plasma suitable for liver enzyme analysis,Serum separation tube (SST) or plain red-top tube,"Collect blood, allow to clot if serum, centrifuge promptly, and process as per lab protocol.",,,,,,,,,,,,,,,
S. Sodium,"Ordered to measure sodium levels in the blood to assess fluid balance, kidney function, and electrolyte disorders.",Blood venous,BLDV,http://terminology.hl7.org/CodeSystem/v2-0487,Venipuncture for blood test,http://snomed.info/sct,28520004,,,,No,Yes,,Red,red,http://terminology.hl7.org/CodeSystem/container-cap,2.5,millilitre,mL,http://unitsofmeasure.org,5,millilitre,mL,http://unitsofmeasure.org,24,h,hours,http://unitsofmeasure.org,Serum or plasma suitable for liver enzyme analysis,Serum separation tube (SST) or plain red-top tube,"Collect blood, allow to clot if serum, centrifuge promptly, and process as per lab protocol.",,,,,,,,,,,,,,,
S. Potassium,"Ordered to measure potassium levels to assess kidney function, acid–base balance, and conditions affecting heart and muscle function.",Blood venous,BLDV,http://terminology.hl7.org/CodeSystem/v2-0487,Venipuncture for blood test,http://snomed.info/sct,28520004,,,,No,Yes,,Red,red,http://terminology.hl7.org/CodeSystem/container-cap,2.5,millilitre,mL,http://unitsofmeasure.org,5,millilitre,mL,http://unitsofmeasure.org,24,h,hours,http://unitsofmeasure.org,Serum or plasma suitable for liver enzyme analysis,Serum separation tube (SST) or plain red-top tube,"Collect blood, allow to clot if serum, centrifuge promptly, and process as per lab protocol.",,,,,,,,,,,,,,,
S.Ionised Calcium,"Ordered to measure the biologically active form of calcium in the blood, useful in evaluating parathyroid function, kidney disease, and critical care conditions.",Blood venous,BLDV,http://terminology.hl7.org/CodeSystem/v2-0487,Venipuncture for blood test,http://snomed.info/sct,28520004,,,,No,Yes,,Red,red,http://terminology.hl7.org/CodeSystem/container-cap,2.5,millilitre,mL,http://unitsofmeasure.org,5,millilitre,mL,http://unitsofmeasure.org,1,h,hours,http://unitsofmeasure.org,Serum or plasma suitable for liver enzyme analysis,Serum separation tube (SST) or plain red-top tube,"Collect blood, allow to clot if serum, centrifuge promptly, and process as per lab protocol.",,,,,,,,,,,,,,,
S.Chloride,"Ordered to measure chloride levels in the blood to assess fluid balance, acid–base status, and kidney function.",Blood venous,BLDV,http://terminology.hl7.org/CodeSystem/v2-0487,Venipuncture for blood test,http://snomed.info/sct,28520004,,,,No,Yes,,Red,red,http://terminology.hl7.org/CodeSystem/container-cap,2.5,millilitre,mL,http://unitsofmeasure.org,5,millilitre,mL,http://unitsofmeasure.org,24,h,hours,http://unitsofmeasure.org,Serum or plasma suitable for liver enzyme analysis,Serum separation tube (SST) or plain red-top tube,"Collect blood, allow to clot if serum, centrifuge promptly, and process as per lab protocol.",,,,,,,,,,,,,,,
Arterial blood gas test,"Ordered to measure oxygen, carbon dioxide, and blood pH levels to assess lung function, acid–base balance, and critical care status.",Line arterial,LNA,http://terminology.hl7.org/CodeSystem/v2-0487,Puncture of artery,http://snomed.info/sct,57931004,,,,No,Yes,,,,http://terminology.hl7.org/CodeSystem/container-cap,NA,millilitre,mL,http://unitsofmeasure.org,NA,millilitre,mL,http://unitsofmeasure.org,0,h,hours,http://unitsofmeasure.org,Heparinized blood sample collected anaerobically (no air bubbles),Pre-heparinized blood gas syringe,"Collect anaerobically, expel air bubbles, mix gently, keep sample on ice if delay, and send immediately for ABG analysis.",,,,,,,,,,,,,,,
Smear for leprosy,Ordered to detect Mycobacterium leprae using skin smear microscopy for diagnosis and classification of leprosy.,Skin,SKN,http://terminology.hl7.org/CodeSystem/v2-0487,Slit skin stain method,http://snomed.info/sct,386148007,,,,No,Yes,,,,http://terminology.hl7.org/CodeSystem/container-cap,NA,millilitre,mL,http://unitsofmeasure.org,NA,millilitre,mL,http://unitsofmeasure.org,7,h,hours,http://unitsofmeasure.org,Smear prepared on clean glass slides and stained for AFB detection,Glass slide(s) in a slide transport box,"Perform slit-skin smear, prepare thin smear on slide, allow to air-dry, label properly, and send for Ziehl–Neelsen or modified staining.",,,,,,,,,,,,,,,
Gram staining for clinical specimen,Ordered to identify bacteria in clinical samples and guide early diagnosis of infections.,"Source, Other",OTH,http://terminology.hl7.org/CodeSystem/v2-0487,Gram stain method,http://snomed.info/sct,62777006,,,,No,Yes,,,,http://terminology.hl7.org/CodeSystem/container-cap,,millilitre,mL,http://unitsofmeasure.org,-,millilitre,mL,http://unitsofmeasure.org,24,h,hours,http://unitsofmeasure.org,Fresh specimen; smear prepared on clean glass slides,Sterile swab or sterile container for specimen; slides transported in slide box,"Collect specimen aseptically, prepare smear on slide or send swab/fluid to lab immediately for staining and microscopy.",,,,,,,,,,,,,,,
Test for Leptospirosis,Ordered to detect antibodies against Leptospira species to help diagnose leptospirosis infection.,Blood venous,BLDV,http://terminology.hl7.org/CodeSystem/v2-0487,Venipuncture for blood test,http://snomed.info/sct,28520004,,,,No,Yes,,Red,red,http://terminology.hl7.org/CodeSystem/container-cap,2.5,millilitre,mL,http://unitsofmeasure.org,5,millilitre,mL,http://unitsofmeasure.org,72,h,hours,http://unitsofmeasure.org,Serum sample suitable for IgM ELISA or rapid immunochromatographic test,Serum separation tube (SST) or plain red-top tube; rapid test kit if used,"Collect blood, allow to clot, centrifuge, and send for IgM ELISA or perform rapid test as per kit instructions.",,,,,,,,,,,,,,,
Test for Chikungunya,"Ordered to detect antibodies against the Chikungunya virus to diagnose recent infection, especially in patients with fever and joint pain.",Blood venous,BLDV,http://terminology.hl7.org/CodeSystem/v2-0487,Venipuncture for blood test,http://snomed.info/sct,28520004,,,,No,Yes,,Red,red,http://terminology.hl7.org/CodeSystem/container-cap,2.5,millilitre,mL,http://unitsofmeasure.org,5,millilitre,mL,http://unitsofmeasure.org,72,h,hours,http://unitsofmeasure.org,Serum sample suitable for IgM ELISA or rapid immunochromatographic test,Serum separation tube (SST) or plain red-top tube; rapid test kit if used,"Collect blood, allow to clot, centrifuge, and send for IgM ELISA or perform rapid test as per kit instructions.",,,,,,,,,,,,,,,
IgM for Measles,Ordered to detect IgM antibodies against the measles virus to confirm recent or acute measles infection.,Blood venous,BLDV,http://terminology.hl7.org/CodeSystem/v2-0487,Venipuncture for blood test,http://snomed.info/sct,28520004,,,,No,Yes,,Red,red,http://terminology.hl7.org/CodeSystem/container-cap,2.5,millilitre,mL,http://unitsofmeasure.org,5,millilitre,mL,http://unitsofmeasure.org,72,h,hours,http://unitsofmeasure.org,Serum sample suitable for IgM ELISA,Serum separation tube (SST) or plain red-top tube,"Collect blood, allow to clot, centrifuge, and send for IgM ELISA testing.",,,,,,,,,,,,,,,
"Fluid analysis -biochemistry including Glucose, Protein, LDH","Used to evaluate body cavity fluids for infection, inflammation, malignancy, or metabolic abnormalities.","Fluid, Other",FLD,http://terminology.hl7.org/CodeSystem/v2-0487,Aspiration,http://snomed.info/sct,14766002,,,,No,Yes,,Red,red,http://terminology.hl7.org/CodeSystem/container-cap,2.5,millilitre,mL,http://unitsofmeasure.org,5,millilitre,mL,http://unitsofmeasure.org,24,h,hours,http://unitsofmeasure.org,"Tube  (Plain): Biochemistry (Glucose, Protein, LDH)
",Sterile fluid collection containers; EDTA tube for cell count; plain tube for chemistry; cytology vial/slide for cytology.,Mix EDTA tube gently; send all samples promptly for accurate cell and cytology evaluation.,,,,,,,,,,,,,,,
Other cultures -swab,Used to detect and identify bacteria or fungi from infected sites to guide appropriate antimicrobial treatment.,"Source, Other",OTH,http://terminology.hl7.org/CodeSystem/v2-0487,Taking of swab,http://snomed.info/sct,285570007,,,,No,Yes,,Red,red,http://terminology.hl7.org/CodeSystem/container-cap,Adequate to moisten swab,millilitre,mL,http://unitsofmeasure.org,NA,millilitre,mL,http://unitsofmeasure.org,24,h,hours,http://unitsofmeasure.org,Collect adequate sample; avoid contamination; use appropriate transport medium depending on site.,"Sterile swab in transport medium

Sterile container or syringe for pus aspirate",Collect sample before starting antibiotics; transport quickly to lab; indicate site of collection clearly.,,,,,,,,,,,,,,,
Culture of stool specimen for Vibrio cholerae and other common bacterial enteropathogens,Used to detect Vibrio cholerae and other common bacteria causing diarrheal illnesses to guide appropriate treatment and public health measures.,Stool = Fecal,STL,http://terminology.hl7.org/CodeSystem/v2-0487,Collection of stool specimen,http://snomed.info/sct,225105004,,,,No,Yes,,Red,red,http://terminology.hl7.org/CodeSystem/container-cap,Adequate to moisten swab,millilitre,mL,http://unitsofmeasure.org,NA,millilitre,mL,http://unitsofmeasure.org,24,h,hours,http://unitsofmeasure.org,Collect adequate stool; avoid contamination with urine or water; transport in Cary-Blair medium if delay expected.,Sterile wide-mouth stool container; rectal swabs with transport medium for V. cholerae,"Collect fresh stool; tightly cap container; send promptly to lab for culture on selective media (e.g., TCBS agar for V. cholerae).",,,,,,,,,,,,,,,
Organism identification and antimicrobial sensitivity for cultures- swab,Used to identify microorganisms grown from clinical cultures and determine their susceptibility to antibiotics to guide targeted treatment.,"Source, Other",OTH,http://terminology.hl7.org/CodeSystem/v2-0487,Taking of swab,http://snomed.info/sct,285570007,,,,Yes,Yes,,Red,red,http://terminology.hl7.org/CodeSystem/container-cap,NA,millilitre,mL,http://unitsofmeasure.org,NA,millilitre,mL,http://unitsofmeasure.org,24,h,hours,http://unitsofmeasure.org,Primary culture must yield growth; isolated colonies used for biochemical or automated identification and susceptibility panels.,"Culture plates, broth media, or automated system cartridges depending on method (e.g., VITEK, Phoenix)","Pure colony selection is used for identification and susceptibility testing via biochemical, manual, or automated methods.",,,,,,,,,,,,,,,
Nucleic Acid Amplification Test (NAAT) for TB,"Used to rapidly detect Mycobacterium tuberculosis DNA and identify rifampicin resistance, aiding early diagnosis and treatment decisions.",Sputum,SPT,http://terminology.hl7.org/CodeSystem/v2-0487,Collection of sputum,http://snomed.info/sct,37705003,,,,No,Yes,,Red,red,http://terminology.hl7.org/CodeSystem/container-cap,1,millilitre,mL,http://unitsofmeasure.org,50,millilitre,mL,http://unitsofmeasure.org,24,h,hours,http://unitsofmeasure.org,"Collect adequate sample; avoid contamination; send promptly for NAAT processing (e.g., GeneXpert/CBNAAT)","Sterile, leak-proof container suitable for molecular testing",Collect aseptically; close tightly; send immediately to lab; avoid using fixatives (they inhibit nucleic acid tests),,,,,,,,,,,,,,,
Early Infant Diagnostic test for HIV - Qualitative HIV-1 DNA PCR (ICTC) (Venipuncture),"Used to detect HIV-1 infection in infants below 18 months by identifying proviral DNA, as maternal antibodies can interfere with antibody tests.",Blood venous,BLDV,http://terminology.hl7.org/CodeSystem/v2-0487,Venipuncture for blood test,http://snomed.info/sct,28520004,,,,No,Yes,,Lavender (EDTA),lavender,http://terminology.hl7.org/CodeSystem/container-cap,2,millilitre,mL,http://unitsofmeasure.org,5,millilitre,mL,http://unitsofmeasure.org,24,h,hours,http://unitsofmeasure.org,Collect adequate blood spots on DBS card; allow to air-dry; avoid contamination and moisture; store in zip-lock bag with desiccant.,"DBS filter paper card; if whole blood is used, EDTA tube",Collect blood aseptically; fill DBS circles completely; air-dry horizontally; package with desiccant and send to designated HIV reference lab.,,,,,,,,,,,,,,,
Early Infant Diagnostic test for HIV - Qualitative HIV-1 DNA PCR (ICTC) (Heel Prick Test),"Used to detect HIV-1 infection in infants below 18 months by identifying proviral DNA, as maternal antibodies can interfere with antibody tests.",Whole blood,BLD,http://terminology.hl7.org/CodeSystem/v2-0487,Heel stick,http://snomed.info/sct,77262006,,,,No,Yes,,Lavender (EDTA),lavender,http://terminology.hl7.org/CodeSystem/container-cap,NA,millilitre,mL,http://unitsofmeasure.org,NA,millilitre,mL,http://unitsofmeasure.org,24,h,hours,http://unitsofmeasure.org,Collect adequate blood spots on DBS card; allow to air-dry; avoid contamination and moisture; store in zip-lock bag with desiccant.,"DBS filter paper card; if whole blood is used, EDTA tube",Collect blood aseptically; fill DBS circles completely; air-dry horizontally; package with desiccant and send to designated HIV reference lab.,,,,,,,,,,,,,,,
Early Infant Diagnostic test for HIV - Qualitative HIV-1 DNA PCR (ICTC)(Dried blood spot specimen),"Used to detect HIV-1 infection in infants below 18 months by identifying proviral DNA, as maternal antibodies can interfere with antibody tests.",Whole blood,BLD,http://terminology.hl7.org/CodeSystem/v2-0487,Collection of dried blood spot specimen,http://snomed.info/sct,738796001,,,,No,Yes,,Lavender (EDTA),lavender,http://terminology.hl7.org/CodeSystem/container-cap,NA,millilitre,mL,http://unitsofmeasure.org,NA,millilitre,mL,http://unitsofmeasure.org,14,h,hours,http://unitsofmeasure.org,Collect adequate blood spots on DBS card; allow to air-dry; avoid contamination and moisture; store in zip-lock bag with desiccant.,"DBS filter paper card; if whole blood is used, EDTA tube",Collect blood aseptically; fill DBS circles completely; air-dry horizontally; package with desiccant and send to designated HIV reference lab.,,,,,,,,,,,,,,,
Erythrocyte sedimentation rate,"Measures the rate at which red blood cells settle in a vertical tube over one hour. Used as a non-specific marker to detect inflammation, infection, autoimmune conditions, and to monitor disease activity.",Whole blood,BLD,http://terminology.hl7.org/CodeSystem/v2-0487,Venipuncture for blood test,http://snomed.info/sct,28520004,,,,No,Yes,,Lavender (EDTA),lavender,http://terminology.hl7.org/CodeSystem/container-cap,2,millilitre,mL,http://unitsofmeasure.org,5,millilitre,mL,http://unitsofmeasure.org,2,h,hours,http://unitsofmeasure.org,"Collect blood in an EDTA tube, then transfer to a Westergren ESR tube if required by laboratory procedure.","Avoid haemolysis or underfilling the tube, as these can affect sedimentation rate. Ensure tube remains vertical during testing.",Invert tube 8–10 times to mix. Start ESR test promptly after collection for best results.,,,,,,,,,,,,,,,
S. Lipase,Quantitative measurement of lipase enzyme activity in serum. Used in the diagnosis and monitoring of acute pancreatitis.,Blood venous,BLDV,http://terminology.hl7.org/CodeSystem/v2-0487,Venipuncture for blood test,http://snomed.info/sct,28520004,,,,No,Yes,,,,http://terminology.hl7.org/CodeSystem/container-cap,1,millilitre,mL,http://unitsofmeasure.org,5,millilitre,mL,http://unitsofmeasure.org,7,h,hours,http://unitsofmeasure.org,Collect adequate sample; avoid hemolysis in serum sample.,Serum separator tube (SST) or red-top tube for blood; sterile container for serum.,Allow serum to clot at room temperature; centrifuge and separate serum within 2 hours of collection; refrigerate.,,,,,,,,,,,,,,,
Blood Urea Nitrogen (BUN),"Measures the concentration of urea nitrogen in blood. Used to assess renal function, hydration status, and protein metabolism.",Blood venous,BLDV,http://terminology.hl7.org/CodeSystem/v2-0487,Venipuncture for blood test,http://snomed.info/sct,28520004,,,,No,Yes,,,,http://terminology.hl7.org/CodeSystem/container-cap,0.5,millilitre,mL,http://unitsofmeasure.org,5,millilitre,mL,http://unitsofmeasure.org,7,h,hours,http://unitsofmeasure.org,Collect adequate sample; avoid hemolysis; separate serum/plasma within 2 hours.,Serum separator tube (SST) or plasma separator tube (PST) for blood.,Allow serum to clot at room temperature; centrifuge and separate serum/plasma ASAP or within 2 hours; refrigerate.,,,,,,,,,,,,,,,
Urine Sugar (Test strip),Semi-quantitative detection of glucose in urine using reagent strips. Commonly used for rapid screening of diabetes mellitus.,"Urine, Midstream",URINM,http://terminology.hl7.org/CodeSystem/v2-0487,Urine specimen collection,http://snomed.info/sct,57617002,,,,No,Yes,,,,http://terminology.hl7.org/CodeSystem/container-cap,5,millilitre,mL,http://unitsofmeasure.org,60,millilitre,mL,http://unitsofmeasure.org,NA,h,hours,http://unitsofmeasure.org,Collect fresh urine sample; test immediately for accurate results.,Sterile urine container.,Dip test strip in fresh urine and read results according to manufacturer instructions; immediate testing preferred.,,,,,,,,,,,,,,,
Absolute neutrophil count,Calculated measurement of circulating neutrophils in blood. Used to assess infection risk and bone marrow function.,Whole blood,BLD,http://terminology.hl7.org/CodeSystem/v2-0487,Venipuncture for blood test,http://snomed.info/sct,28520004,,,,Yes,Yes,,Lavender (EDTA),lavender,http://terminology.hl7.org/CodeSystem/container-cap,1,millilitre,mL,http://unitsofmeasure.org,3,millilitre,mL,http://unitsofmeasure.org,24,h,hours,http://unitsofmeasure.org,Collect adequate blood sample; mix gently by inversion; avoid clotting.,EDTA lavender-top tube for blood.,Mix sample gently by inversion 8-10 times immediately after collection; do not refrigerate; analyze within 4-6 hours.,,,,,,,,,,,,,,,
RDW,Measures variation in red blood cell size. Used in classification and evaluation of anemia.,Whole blood,BLD,http://terminology.hl7.org/CodeSystem/v2-0487,Venipuncture for blood test,http://snomed.info/sct,28520004,,,,Yes,Yes,,Lavender (EDTA),lavender,http://terminology.hl7.org/CodeSystem/container-cap,1,millilitre,mL,http://unitsofmeasure.org,3,millilitre,mL,http://unitsofmeasure.org,24,h,hours,http://unitsofmeasure.org,Collect adequate blood sample; mix gently by inversion; avoid clotting.,EDTA lavender-top tube for blood.,Mix sample gently by inversion 8-10 times immediately after collection; analyze within 6-8 hours for best results.,,,,,,,,,,,,,,,
PDW,Reflects variability in platelet size. Used to assess platelet activation and disorders.,Whole blood,BLD,http://terminology.hl7.org/CodeSystem/v2-0487,Venipuncture for blood test,http://snomed.info/sct,28520004,,,,Yes,Yes,,Lavender (EDTA),lavender,http://terminology.hl7.org/CodeSystem/container-cap,1,millilitre,mL,http://unitsofmeasure.org,3,millilitre,mL,http://unitsofmeasure.org,4,h,hours,http://unitsofmeasure.org,Collect adequate blood sample; mix gently by inversion; avoid clotting and platelet clumping.,EDTA lavender-top tube for blood.,Mix sample gently by inversion 8-10 times immediately after collection; analyze within 4 hours for accurate platelet parameters.,,,,,,,,,,,,,,,
MPV,Measures average platelet size in blood. Used to evaluate platelet production and function.,Whole blood,BLD,http://terminology.hl7.org/CodeSystem/v2-0487,Venipuncture for blood test,http://snomed.info/sct,28520004,,,,Yes,Yes,,Lavender (EDTA),lavender,http://terminology.hl7.org/CodeSystem/container-cap,1,millilitre,mL,http://unitsofmeasure.org,3,millilitre,mL,http://unitsofmeasure.org,4,h,hours,http://unitsofmeasure.org,Collect adequate blood sample; mix gently by inversion; avoid clotting and platelet clumping.,EDTA lavender-top tube for blood.,Mix sample gently by inversion 8-10 times immediately after collection; analyze within 4 hours for accurate MPV results.,,,,,,,,,,,,,,,
Platelet count and morphology.,Quantitative platelet count with microscopic assessment of platelet size and shape. Used in bleeding disorders and thrombocytopenia evaluation.,Whole blood,BLD,http://terminology.hl7.org/CodeSystem/v2-0487,Venipuncture for blood test,http://snomed.info/sct,28520004,,,,No,Yes,,Lavender (EDTA),lavender,http://terminology.hl7.org/CodeSystem/container-cap,1,millilitre,mL,http://unitsofmeasure.org,3,millilitre,mL,http://unitsofmeasure.org,4,h,hours,http://unitsofmeasure.org,Mix gently; analyze within 4 hours; do not refrigerate.,EDTA lavender-top tube (K2EDTA).,"Examine smear for platelet clumps, giant platelets, satellitism.",,,,,,,,,,,,,,,
MCH,Measures the average hemoglobin content per red blood cell. Used in anemia classification.,Whole blood,BLD,http://terminology.hl7.org/CodeSystem/v2-0487,Venipuncture for blood test,http://snomed.info/sct,28520004,,,,Yes,Yes,,Lavender (EDTA),lavender,http://terminology.hl7.org/CodeSystem/container-cap,1,millilitre,mL,http://unitsofmeasure.org,3,millilitre,mL,http://unitsofmeasure.org,24,h,hours,http://unitsofmeasure.org,Mix gently; avoid hemolysis; calculated from Hb and RBC count.,EDTA lavender-top tube (K2EDTA).,MCH = Hemoglobin (g/dL) / RBC count (millions/μL) × 10.,,,,,,,,,,,,,,,
MCV,"Measures the average volume of red blood cells. Used to differentiate microcytic, normocytic, and macrocytic anemia.",Whole blood,BLD,http://terminology.hl7.org/CodeSystem/v2-0487,Venipuncture for blood test,http://snomed.info/sct,28520004,,,,Yes,Yes,,Lavender (EDTA),lavender,http://terminology.hl7.org/CodeSystem/container-cap,1,millilitre,mL,http://unitsofmeasure.org,3,millilitre,mL,http://unitsofmeasure.org,24,h,hours,http://unitsofmeasure.org,Mix gently; MCV increases with prolonged storage; analyze within 6 hours for accuracy.,EDTA lavender-top tube (K2EDTA).,MCV = Hematocrit (%) / RBC count (millions/μL) × 10.,,,,,,,,,,,,,,,
MCHC,Measures the average concentration of hemoglobin within red blood cells. Used to classify anemia and assess red cell hemoglobinization.,Whole blood,BLD,http://terminology.hl7.org/CodeSystem/v2-0487,Venipuncture for blood test,http://snomed.info/sct,28520004,,,,Yes,Yes,,Lavender (EDTA),lavender,http://terminology.hl7.org/CodeSystem/container-cap,1,millilitre,mL,http://unitsofmeasure.org,3,millilitre,mL,http://unitsofmeasure.org,24,h,hours,http://unitsofmeasure.org,Mix gently; avoid hemolysis; calculated from Hb and Hct.,EDTA lavender-top tube (K2EDTA).,MCHC = Hemoglobin (g/dL) / Hematocrit (%) × 100.,,,,,,,,,,,,,,,
"Coagulation Profile (PT ,INR, aPTT)","Includes tests such as PT, INR, and aPTT to evaluate blood clotting pathways. Used in bleeding disorders and anticoagulant monitoring.",Whole blood,BLD,http://terminology.hl7.org/CodeSystem/v2-0487,Venipuncture for blood test,http://snomed.info/sct,28520004,,,,No,Yes,,Light Blue (Citrate),light-blue,http://terminology.hl7.org/CodeSystem/container-cap,1.8,millilitre,mL,http://unitsofmeasure.org,2.7,millilitre,mL,http://unitsofmeasure.org,4,h,hours,http://unitsofmeasure.org,Correct 9:1 blood to citrate ratio; centrifuge within 1 hour; test within 4 hours per NABL.,3.2% sodium citrate tube (light blue top).,Centrifuge at 1500g for 15 minutes; separate platelet-poor plasma; test within 4 hours or freeze at -20°C.,,,,,,,,,,,,,,,
Routine Hematoxylin and Eosin (H&E) staining,Standard histopathological staining technique used to evaluate tissue architecture and cellular morphology. Forms the primary basis for histopathological diagnosis.,Tissue,TISS,http://terminology.hl7.org/CodeSystem/v2-0487,Biopsy,http://snomed.info/sct,86273004,,,,No,Yes,,Red,red,http://terminology.hl7.org/CodeSystem/container-cap,NA,millilitre,mL,http://unitsofmeasure.org,Appropriate,millilitre,mL,http://unitsofmeasure.org,Indefinite,h,hours,http://unitsofmeasure.org,Fix in 10% neutral buffered formalin immediately; 10:1 fixative to tissue ratio.,Container with 10% neutral buffered formalin.,Fix for 6-48 hours depending on size; process; embed; section at 4-5 microns; stain H&E.,,,,,,,,,,,,,,,
FNAC - Routine MGG,"Fine Needle Aspiration Cytology specimen stained with May–Grünwald–Giemsa for evaluation of cellular morphology. Used in the assessment of masses, lymph nodes, and other lesions.",Aspirate,ASP,http://terminology.hl7.org/CodeSystem/v2-0487,Fine needle biopsy,http://snomed.info/sct,48635004,,,,No,Yes,, ,,http://terminology.hl7.org/CodeSystem/container-cap,2-4,millilitre,mL,http://unitsofmeasure.org,NA,millilitre,mL,http://unitsofmeasure.org,24,h,hours,http://unitsofmeasure.org,Prepare smears immediately at site; air dry for MGG; fix in alcohol for Pap.,Glass slides; needle aspirate.,Air dry smears; stain with May-Grünwald-Giemsa; examine under microscopy.,,,,,,,,,,,,,,,
FNAC - Special stain when necessary,Application of additional cytochemical or microbiological stains on FNAC smears when clinically indicated. Used to aid diagnosis when routine staining is inconclusive.,Aspirate,"
ASP",http://terminology.hl7.org/CodeSystem/v2-0487,Fine needle biopsy,http://snomed.info/sct,48635004,,,,No,Yes,, ,,http://terminology.hl7.org/CodeSystem/container-cap,2-4,millilitre,mL,http://unitsofmeasure.org,NA,millilitre,mL,http://unitsofmeasure.org,24,h,hours,http://unitsofmeasure.org,Prepare additional smears for special stains; specify stain required.,Glass slides.,"Perform ZN stain for AFB, PAS, mucicarmine, or other stains as indicated.",,,,,,,,,,,,,,,
FNAC – USG guided,Ultrasound-guided FNAC for precise sampling of lesions not easily accessible clinically.,Aspirate,ASP,http://terminology.hl7.org/CodeSystem/v2-0487,Fine needle biopsy,http://snomed.info/sct,48635004,,,,No,Yes,, ,,http://terminology.hl7.org/CodeSystem/container-cap,2-4,millilitre,mL,http://unitsofmeasure.org,NA,millilitre,mL,http://unitsofmeasure.org,24,h,hours,http://unitsofmeasure.org,Coordinate with radiology; ensure real-time visualization; prepare smears immediately.,Glass slides; sterile needle aspirate.,Prepare smears immediately; air dry for MGG; alcohol fix for Pap.,,,,,,,,,,,,,,,
Bronchioalveolar lavage fluid for cytology,"Cytological evaluation of lavage fluid to assess infections, malignancy, or interstitial lung disease.","Lavage, Bronhial",LAVG,http://terminology.hl7.org/CodeSystem/v2-0487,Bronchoalveolar lavage,http://snomed.info/sct,397394009,,,,No,Yes,,Red,red,http://terminology.hl7.org/CodeSystem/container-cap,10,millilitre,mL,http://unitsofmeasure.org,50,millilitre,mL,http://unitsofmeasure.org,2,h,hours,http://unitsofmeasure.org,Collect in sterile container; process promptly; aliquot for different tests.,Sterile container.,"Cytocentrifuge; prepare smears; stain with Pap, MGG, and special stains as needed.",,,,,,,,,,,,,,,
Widal test,Serological agglutination test detecting antibodies against Salmonella Typhi and Paratyphi antigens. Used in the supportive diagnosis of enteric fever.,Serum,SER,http://terminology.hl7.org/CodeSystem/v2-0487,Venipuncture for blood test,http://snomed.info/sct,28520004,,,,No,Yes,,Red,red,http://terminology.hl7.org/CodeSystem/container-cap,1,millilitre,mL,http://unitsofmeasure.org,5,millilitre,mL,http://unitsofmeasure.org,7,h,hours,http://unitsofmeasure.org,Separate serum; test for O and H antigens; interpret with clinical correlation.,Serum separator tube (SST).,Perform slide/tube agglutination with O and H antigens; report titers.,,,,,,,,,,,,,,,
Dengue NS1,Detects dengue virus NS1 antigen in serum during early acute infection. Useful in early diagnosis of dengue fever.,Serum,SER,http://terminology.hl7.org/CodeSystem/v2-0487,Venipuncture for blood test,http://snomed.info/sct,28520004,,,,No,Yes,,Red,red,http://terminology.hl7.org/CodeSystem/container-cap,1,millilitre,mL,http://unitsofmeasure.org,5,millilitre,mL,http://unitsofmeasure.org,7,h,hours,http://unitsofmeasure.org,Collect during first 5 days of fever; separate serum.,Serum separator tube (SST).,Perform ELISA or rapid immunochromatographic test for NS1 antigen.,,,,,,,,,,,,,,,
Dengue IgM Antibody,Detects IgM antibodies against dengue virus indicating recent infection.,Serum,SER,http://terminology.hl7.org/CodeSystem/v2-0487,Venipuncture for blood test,http://snomed.info/sct,28520004,,,,No,Yes,,Red,red,http://terminology.hl7.org/CodeSystem/container-cap,1,millilitre,mL,http://unitsofmeasure.org,5,millilitre,mL,http://unitsofmeasure.org,7,h,hours,http://unitsofmeasure.org,Collect after day 5 of fever; separate serum.,Serum separator tube (SST).,Perform ELISA for IgM antibodies; interpret with clinical history.,,,,,,,,,,,,,,,
Dengue IgG Antibody,Detects IgG antibodies against dengue virus indicating past exposure or secondary infection.,Serum,SER,http://terminology.hl7.org/CodeSystem/v2-0487,Venipuncture for blood test,http://snomed.info/sct,28520004,,,,No,Yes,,Red,red,http://terminology.hl7.org/CodeSystem/container-cap,1,millilitre,mL,http://unitsofmeasure.org,5,millilitre,mL,http://unitsofmeasure.org,7,h,hours,http://unitsofmeasure.org,Separate serum; useful for secondary infection diagnosis.,Serum separator tube (SST).,Perform ELISA for IgG antibodies; high IgG in acute phase suggests secondary infection.,,,,,,,,,,,,,,,
HBsAg (Quantitative),Measures concentration of Hepatitis B surface antigen in serum. Used for disease monitoring and treatment response.,Serum,SER,http://terminology.hl7.org/CodeSystem/v2-0487,Venipuncture for blood test,http://snomed.info/sct,28520004,,,,No,Yes,,Red,red,http://terminology.hl7.org/CodeSystem/container-cap,1,millilitre,mL,http://unitsofmeasure.org,5,millilitre,mL,http://unitsofmeasure.org,7,h,hours,http://unitsofmeasure.org,Separate serum; quantitative result for monitoring.,Serum separator tube (SST).,Perform quantitative immunoassay; report in IU/mL.,,,,,,,,,,,,,,,
Rapid malaria test for PF,Detects P. falciparum–specific antigens in blood. Used for rapid malaria diagnosis.,Whole blood,BLD,http://terminology.hl7.org/CodeSystem/v2-0487,Venipuncture for blood test,http://snomed.info/sct,28520004,,,,No,Yes,,Purple (EDTA),light-blue,http://terminology.hl7.org/CodeSystem/container-cap,5,millilitre,mL,http://unitsofmeasure.org,3,millilitre,mL,http://unitsofmeasure.org,Immediate,h,hours,http://unitsofmeasure.org,Use fresh whole blood; perform test immediately.,EDTA tube or capillary blood.,Apply blood to rapid test cassette; read within specified time per kit instructions.,,,,,,,,,,,,,,,
Rapid malaria test for PV,Detects P. vivax–specific antigens in blood. Used for rapid malaria diagnosis.,Whole blood,BLD,http://terminology.hl7.org/CodeSystem/v2-0487,Venipuncture for blood test,http://snomed.info/sct,28520004,,,,No,Yes,,Purple (EDTA),light-blue,http://terminology.hl7.org/CodeSystem/container-cap,5,millilitre,mL,http://unitsofmeasure.org,3,millilitre,mL,http://unitsofmeasure.org,Immediate,h,hours,http://unitsofmeasure.org,Use fresh whole blood; perform test immediately.,EDTA tube or capillary blood.,Apply blood to rapid test cassette; read within specified time per kit instructions.,,,,,,,,,,,,,,,
ZN Stain for Extra pulmonary sample,Ziehl–Neelsen staining to detect acid-fast bacilli in non-sputum specimens. Used in extra-pulmonary tuberculosis diagnosis.,Invalid,TISS/FLD/ASP,http://terminology.hl7.org/CodeSystem/v2-0487,Specimen obtained by aspiration,http://snomed.info/sct,119295008,,,,No,Yes,,Red,red,http://terminology.hl7.org/CodeSystem/container-cap,2,millilitre,mL,http://unitsofmeasure.org,Variable,millilitre,mL,,24,h,hours,http://unitsofmeasure.org,Collect adequate specimen; process for concentration before staining.,Sterile container.,Concentrate specimen; prepare smear; perform ZN staining; examine for AFB.,,,,,,,,,,,,,,,
Stool R/E and parasites,"Routine microscopic examination of stool for ova, cysts, and parasites. Used in evaluation of intestinal parasitic infections.",Stool = Fecal,STL,http://terminology.hl7.org/CodeSystem/v2-0487,Specimen collection,http://snomed.info/sct,17636008,,,,No,Yes,,Red,red,http://terminology.hl7.org/CodeSystem/container-cap,Walnut-sized,millilitre,mL,http://unitsofmeasure.org,30,millilitre,mL,http://unitsofmeasure.org,30,h,hours,http://unitsofmeasure.org,Collect fresh stool; examine within 30 minutes for trophozoites; preserve for delayed examination.,Sterile stool container or SAF/PVA preservative.,Direct wet mount in saline and iodine; concentration techniques; permanent stain if indicated.,,,,,,,,,,,,,,,preserved
Sickling Test for Sickle cell anemia*,"A screening test that detects the presence of sickle hemoglobin by inducing red blood cell sickling under low-oxygen conditions, used for early identification of sickle cell anemia.",Whole blood,BLD,http://terminology.hl7.org/CodeSystem/v2-0487,Finger stick,http://snomed.info/sct,278450005,,,,No,Yes,, , ,http://terminology.hl7.org/CodeSystem/container-cap,NA,millilitre,mL,http://unitsofmeasure.org,NA,millilitre,mL,http://unitsofmeasure.org,NA,h,hours,http://unitsofmeasure.org,Capillary blood (finger-prick) and a rapid test kit for point-of-care screening.,"Detects sickle hemoglobin by inducing red blood cell sickling, used for preliminary identification of sickle cell disease or trait.",Point of care test for screening of Sickle cell anaemia,,,,,,,,,,,,,,,
S. Total Iron binding capacity,"Measures the blood’s capacity to bind iron with transferrin, helping assess iron deficiency and iron metabolism disorders.",Blood venous,BLDV,http://terminology.hl7.org/CodeSystem/v2-0487,Venipuncture for blood test,http://snomed.info/sct,28520004,,,,Yes,Yes,,Red,red,http://terminology.hl7.org/CodeSystem/container-cap,2.5,millilitre,mL,http://unitsofmeasure.org,5,millilitre,mL,http://unitsofmeasure.org,48,h,hours,http://unitsofmeasure.org,Serum or plasma suitable for liver enzyme analysis,Serum separation tube (SST) or plain red-top tube,"Collect blood, allow to clot if serum, centrifuge promptly, and process as per lab protocol.",,,,,,,,,,,,,,,